hora_requisicao,codigo_linha,nome_linha,letreiro,codigo_onibus,x,y,hora_gps,geometry,ponto_final,hora_final,distancia_percorrida,segundos_deslocamento
14:02:00,34536,9011-21,CITY JARAGUÁ - CPTM JARAGUÁ,16086,-46.733041,-23.442543,2025-10-16 14:02:01-03:00,POINT (322960.99527348246 7406424.081370043),,,,
14:02:00,1768,9011-21,CITY JARAGUÁ - CPTM JARAGUÁ,16111,-46.737303,-23.45351275,2025-10-16 14:02:03-03:00,POINT (322540.18019509444 7405204.031564292),,,,
14:02:00,878,9011-10,TERM. CACHOEIRINHA - CPTM JARAGUÁ,16228,-46.738116000000005,-23.45467,2025-10-16 14:02:24-03:00,POINT (322458.6652215404 7405074.873403914),,,,
14:02:00,34536,9011-21,CITY JARAGUÁ - CPTM JARAGUÁ,16268,-46.7348485,-23.435501,2025-10-16 14:02:02-03:00,POINT (322766.915743337 7407201.694068195),,,,
14:02:00,877,9009-10,TERM. CACHOEIRINHA - COHAB BRASILÂNDIA,16287,-46.7088905,-23.4476195,2025-10-16 14:02:09-03:00,POINT (325435.2726386716 7405891.40583884),,,,
14:02:00,878,9011-10,TERM. CACHOEIRINHA - CPTM JARAGUÁ,16307,-46.722316,-23.446372500000003,2025-10-16 14:02:28-03:00,POINT (324061.91015832324 7406013.150807742),,,,
14:02:00,33646,9011-10,TERM. CACHOEIRINHA - CPTM JARAGUÁ,16329,-46.6698025,-23.4746865,2025-10-16 14:02:06-03:00,POINT (329463.7224780157 7402940.914158035),,,,
14:02:00,1768,9011-21,CITY JARAGUÁ - CPTM JARAGUÁ,16357,-46.726713125,-23.44610825,2025-10-16 14:02:21-03:00,POINT (323612.2904094352 7406037.03196675),,,,
14:02:00,878,9011-10,TERM. CACHOEIRINHA - CPTM JARAGUÁ,16390,-46.738116000000005,-23.45467,2025-10-16 14:02:01-03:00,POINT (322458.6652215404 7405074.873403914),,,,
14:02:00,33645,9009-10,TERM. CACHOEIRINHA - COHAB BRASILÂNDIA,16414,-46.7003875,-23.4503195,2025-10-16 14:02:17-03:00,POINT (326307.5698592749 7405602.696892496),,,,
14:02:00,1768,9011-21,CITY JARAGUÁ - CPTM JARAGUÁ,16476,-46.7385105,-23.4547945,2025-10-16 14:02:25-03:00,POINT (322418.5267399566 7405060.599262433),,,,
14:02:00,878,9011-10,TERM. CACHOEIRINHA - CPTM JARAGUÁ,16478,-46.738116000000005,-23.45467,2025-10-16 14:02:28-03:00,POINT (322458.6652215404 7405074.873403914),,,,
14:02:00,33645,9009-10,TERM. CACHOEIRINHA - COHAB BRASILÂNDIA,16513,-46.7083635,-23.4397915,2025-10-16 14:02:25-03:00,POINT (325478.8308335297 7406758.9163305955),,,,
14:02:00,33645,9009-10,TERM. CACHOEIRINHA - COHAB BRASILÂNDIA,16544,-46.7101805,-23.44753425,2025-10-16 14:02:00-03:00,POINT (325303.35888075863 7405899.281138465),,,,
14:02:00,877,9009-10,TERM. CACHOEIRINHA - COHAB BRASILÂNDIA,16572,-46.682823,-23.4629595,2025-10-16 14:02:33-03:00,POINT (328118.4875499982 7404224.046814209),,,,
14:02:00,1768,9011-21,CITY JARAGUÁ - CPTM JARAGUÁ,16608,-46.7385105,-23.4547945,2025-10-16 14:02:41-03:00,POINT (322418.5267399566 7405060.599262433),,,,
14:02:00,1768,9011-21,CITY JARAGUÁ - CPTM JARAGUÁ,16669,-46.7385105,-23.4547945,2025-10-16 14:02:31-03:00,POINT (322418.5267399566 7405060.599262433),,,,
14:02:00,877,9009-10,TERM. CACHOEIRINHA - COHAB BRASILÂNDIA,16694,-46.679869,-23.464514,2025-10-16 14:02:14-03:00,POINT (328422.27525016514 7404055.43005561),,,,
14:02:00,34536,9011-21,CITY JARAGUÁ - CPTM JARAGUÁ,16712,-46.73480575,-23.4492795,2025-10-16 14:02:41-03:00,POINT (322789.6691578226 7405675.903643297),,,,
14:02:00,807,8199-10,CEM. VL. NOVA CACHOEIRINHA - PIRITUBA,16971,-46.691782,-23.48521275,2025-10-16 14:02:18-03:00,POINT (327232.2367189276 7401748.9968959065),,,,
14:02:00,33575,8199-10,CEM. VL. NOVA CACHOEIRINHA - PIRITUBA,16972,-46.6637865,-23.476183,2025-10-16 14:01:59-03:00,POINT (330080.1706893464 7402782.317368526),,,,
14:02:00,33575,8199-10,CEM. VL. NOVA CACHOEIRINHA - PIRITUBA,16973,-46.6988505,-23.4995515,2025-10-16 14:02:31-03:00,POINT (326529.0174370605 7400152.60663348),,,,
14:02:00,803,819A-10,JD. PRIMAVERA - CPTM VL. AURORA,16974,-46.74804225,-23.445501125,2025-10-16 14:02:06-03:00,POINT (321432.19253076555 7406077.964459625),,,,
14:02:00,33571,819A-10,JD. PRIMAVERA - CPTM VL. AURORA,16975,-46.752635,-23.4346325,2025-10-16 14:02:12-03:00,POINT (320948.2783950701 7407275.867332808),,,,
14:02:00,33645,9009-10,TERM. CACHOEIRINHA - COHAB BRASILÂNDIA,16979,-46.6693745,-23.4742015,2025-10-16 14:02:24-03:00,POINT (329506.81893439963 7402995.130059436),,,,
14:02:00,33645,9009-10,TERM. CACHOEIRINHA - COHAB BRASILÂNDIA,16980,-46.71342075,-23.44316775,2025-10-16 14:02:41-03:00,POINT (324966.5411311917 7406378.890654575),,,,
14:02:00,33645,9009-10,TERM. CACHOEIRINHA - COHAB BRASILÂNDIA,16982,-46.6777255,-23.4678565,2025-10-16 14:02:18-03:00,POINT (328645.56740860787 7403687.840735886),,,,
14:02:00,877,9009-10,TERM. CACHOEIRINHA - COHAB BRASILÂNDIA,16984,-46.712452000000006,-23.43671025,2025-10-16 14:02:00-03:00,POINT (325057.01902536 7407095.171474321),,,,
14:02:00,878,9011-10,TERM. CACHOEIRINHA - CPTM JARAGUÁ,16985,-46.738116000000005,-23.45467,2025-10-16 14:02:09-03:00,POINT (322458.6652215404 7405074.873403914),,,,
14:02:00,33646,9011-10,TERM. CACHOEIRINHA - CPTM JARAGUÁ,16987,-46.737642,-23.4383895,2025-10-16 14:01:59-03:00,POINT (322485.32973345544 7406878.37766129),,,,
14:02:00,878,9011-10,TERM. CACHOEIRINHA - CPTM JARAGUÁ,16989,-46.6872565,-23.459056500000003,2025-10-16 14:02:14-03:00,POINT (327660.4964978925 7404650.956914173),,,,
14:02:00,878,9011-10,TERM. CACHOEIRINHA - CPTM JARAGUÁ,16990,-46.738116000000005,-23.45467,2025-10-16 14:02:12-03:00,POINT (322458.6652215404 7405074.873403914),,,,
14:02:00,33646,9011-10,TERM. CACHOEIRINHA - CPTM JARAGUÁ,16991,-46.7349715,-23.4477505,2025-10-16 14:02:38-03:00,POINT (322770.6933443558 7405845.022442891),,,,
14:02:00,878,9011-10,TERM. CACHOEIRINHA - CPTM JARAGUÁ,16992,-46.6946565,-23.455257625,2025-10-16 14:02:30-03:00,POINT (326899.54104798334 7405062.757529871),,,,
14:02:00,878,9011-10,TERM. CACHOEIRINHA - CPTM JARAGUÁ,16993,-46.6781805,-23.467498,2025-10-16 14:02:18-03:00,POINT (328598.62366480695 7403726.998408168),,,,
14:02:00,878,9011-10,TERM. CACHOEIRINHA - CPTM JARAGUÁ,16994,-46.736635625000005,-23.439004624999995,2025-10-16 14:01:59-03:00,POINT (322588.98256675276 7406811.498667727),,,,
14:02:00,877,9009-10,TERM. CACHOEIRINHA - COHAB BRASILÂNDIA,16997,-46.7164725,-23.4481065,2025-10-16 14:02:37-03:00,POINT (324661.2483988415 7405828.258438479),,,,
14:02:00,621,107T-10,TERM. PINHEIROS - METRÔ TUCURUVI,21100,-46.679682625,-23.5767725,2025-10-16 14:02:13-03:00,POINT (328586.79803906125 7391624.179910195),,,,
14:02:00,621,107T-10,TERM. PINHEIROS - METRÔ TUCURUVI,21102,-46.6427585,-23.547706,2025-10-16 14:02:05-03:00,POINT (332318.7532062562 7394886.689193693),,,,
14:02:00,621,107T-10,TERM. PINHEIROS - METRÔ TUCURUVI,21104,-46.604151,-23.4808435,2025-10-16 14:02:18-03:00,POINT (336177.5204702054 7402335.454789727),,,,
14:02:00,621,107T-10,TERM. PINHEIROS - METRÔ TUCURUVI,21105,-46.61125,-23.478924,2025-10-16 14:02:08-03:00,POINT (335450.0281811692 7402539.904607415),,,,
14:02:00,33389,107T-10,TERM. PINHEIROS - METRÔ TUCURUVI,21106,-46.60575125,-23.48169375,2025-10-16 14:02:08-03:00,POINT (336015.11865838035 7402239.476394136),,,,
14:02:00,33389,107T-10,TERM. PINHEIROS - METRÔ TUCURUVI,21107,-46.618915,-23.487314,2025-10-16 14:02:20-03:00,POINT (334677.55567100755 7401602.026887989),,,,
14:02:00,33389,107T-10,TERM. PINHEIROS - METRÔ TUCURUVI,21108,-46.639476,-23.5469375,2025-10-16 14:02:16-03:00,POINT (332652.89737464616 7394975.627609873),,,,
14:02:00,33389,107T-10,TERM. PINHEIROS - METRÔ TUCURUVI,21109,-46.650140750000006,-23.5512599375,2025-10-16 14:02:17-03:00,POINT (331569.6124068983 7394484.4750941),,,,
14:02:00,33389,107T-10,TERM. PINHEIROS - METRÔ TUCURUVI,21110,-46.7014485,-23.566219500000003,2025-10-16 14:01:55-03:00,POINT (326351.2435222735 7392766.604644404),,,,
14:02:00,2478,208M-10,TERM. PINHEIROS - METRÔ SANTANA,21111,-46.63734137499999,-23.503311,2025-10-16 14:02:40-03:00,POINT (332815.70521458675 7399809.235012194),,,,
14:02:00,621,107T-10,TERM. PINHEIROS - METRÔ TUCURUVI,21112,-46.6755965,-23.57285575,2025-10-16 14:02:04-03:00,POINT (328998.79783217947 7392062.80773724),,,,
14:02:00,2478,208M-10,TERM. PINHEIROS - METRÔ SANTANA,21114,-46.69691525,-23.56530775,2025-10-16 14:02:12-03:00,POINT (326812.80104684737 7392873.0611444535),,,,
14:02:00,2478,208M-10,TERM. PINHEIROS - METRÔ SANTANA,21115,-46.6678195,-23.54531525,2025-10-16 14:02:14-03:00,POINT (329757.1311581235 7395121.900766393),,,,
14:02:00,35246,208M-10,TERM. PINHEIROS - METRÔ SANTANA,21116,-46.624581,-23.502539,2025-10-16 14:02:17-03:00,POINT (334117.90478015866 7399909.522059238),,,,
14:02:00,2478,208M-10,TERM. PINHEIROS - METRÔ SANTANA,21117,-46.623605,-23.502836,2025-10-16 14:02:18-03:00,POINT (334217.95190727734 7399877.760111824),,,,
14:02:00,33284,106A-10,ITAIM BIBI - METRÔ SANTANA,21118,-46.662225500000005,-23.570479,2025-10-16 14:02:37-03:00,POINT (330360.56975768984 7392341.911328727),,,,
14:02:00,2478,208M-10,TERM. PINHEIROS - METRÔ SANTANA,21120,-46.7015895,-23.565953,2025-10-16 14:02:11-03:00,POINT (326336.49972916057 7392795.94621506),,,,
14:02:00,32884,9300-10,TERM. PQ. D. PEDRO II - TERM. CASA VERDE,21122,-46.66255175,-23.4969485,2025-10-16 14:02:36-03:00,POINT (330232.8981356043 7400484.234046339),,,,
14:02:00,32884,9300-10,TERM. PQ. D. PEDRO II - TERM. CASA VERDE,21123,-46.663425,-23.52196825,2025-10-16 14:02:20-03:00,POINT (330175.8073969681 7397712.541479766),,,,
14:02:00,534,148P-10,METRÔ BARRA FUNDA - PEDRA BRANCA,22901,-46.648506,-23.458919,2025-10-16 14:02:41-03:00,POINT (331619.1299634648 7404712.0731983185),,,,
14:02:00,534,148P-10,METRÔ BARRA FUNDA - PEDRA BRANCA,22903,-46.642896500000006,-23.457928,2025-10-16 14:02:18-03:00,POINT (332190.9478866835 7404828.368551731),,,,
14:02:00,33302,148P-10,METRÔ BARRA FUNDA - PEDRA BRANCA,22904,-46.6429485,-23.4572635,2025-10-16 14:02:39-03:00,POINT (332184.7953131427 7404901.892940982),,,,
14:02:00,33302,148P-10,METRÔ BARRA FUNDA - PEDRA BRANCA,22906,-46.660911,-23.52856925,2025-10-16 14:02:24-03:00,POINT (330440.9793185575 7396984.526181546),,,,
14:02:00,35033,211L-10,LAPA - MANDAQUI,22907,-46.6738305,-23.4837915,2025-10-16 14:02:13-03:00,POINT (329064.0030811124 7401927.852346858),,,,
14:02:00,33302,148P-10,METRÔ BARRA FUNDA - PEDRA BRANCA,22908,-46.6429065,-23.457509,2025-10-16 14:02:20-03:00,POINT (332189.39650941174 7404874.755884785),,,,
14:02:00,534,148P-10,METRÔ BARRA FUNDA - PEDRA BRANCA,22909,-46.657065625,-23.50374775,2025-10-16 14:02:07-03:00,POINT (330801.892545725 7399737.768287918),,,,
14:02:00,534,148P-10,METRÔ BARRA FUNDA - PEDRA BRANCA,22910,-46.65639125,-23.5135135,2025-10-16 14:02:31-03:00,POINT (330883.2385239543 7398657.11681972),,,,
14:02:00,534,148P-10,METRÔ BARRA FUNDA - PEDRA BRANCA,22911,-46.6614755,-23.481632500000003,2025-10-16 14:02:38-03:00,POINT (330323.20889273233 7402181.577855205),,,,
14:02:00,546,1745-10,SHOP. CENTER NORTE - VL.NOVA CACHOEIRINHA,22913,-46.624947625,-23.504806125,2025-10-16 14:02:33-03:00,POINT (334083.3030098161 7399658.043033551),,,,
14:02:00,546,1745-10,SHOP. CENTER NORTE - VL.NOVA CACHOEIRINHA,22915,-46.652303,-23.486286,2025-10-16 14:02:09-03:00,POINT (331266.0453251981 7401677.0565236),,,,
14:02:00,33314,1745-10,SHOP. CENTER NORTE - VL.NOVA CACHOEIRINHA,22916,-46.6655995,-23.473114,2025-10-16 14:02:23-03:00,POINT (329891.03945574944 7403120.029878974),,,,
14:02:00,33302,148P-10,METRÔ BARRA FUNDA - PEDRA BRANCA,22917,-46.6664785,-23.5263465,2025-10-16 14:02:37-03:00,POINT (329869.6360888722 7397224.080306782),,,,
14:02:00,539,1741-10,METRÔ SANTANA - VL. DIONISIA,22918,-46.62695925,-23.50032625,2025-10-16 14:02:28-03:00,POINT (333872.2471607131 7400151.807182262),,,,
14:02:00,2265,211L-10,LAPA - MANDAQUI,22919,-46.678196,-23.4927035,2025-10-16 14:02:25-03:00,POINT (328629.62355483655 7400935.745191974),,,,
14:02:00,33328,178L-10,HOSP. DAS CLÍNICAS - LAUZANE PAULISTA,22922,-46.66802225,-23.55536375,2025-10-16 14:02:43-03:00,POINT (329749.3788678257 7394008.892774707),,,,
14:02:00,33328,178L-10,HOSP. DAS CLÍNICAS - LAUZANE PAULISTA,22923,-46.68223,-23.550093500000003,2025-10-16 14:02:20-03:00,POINT (328292.0977430961 7394575.569768114),,,,
14:02:00,33325,1760-10,SHOP. CENTER NORTE - COHAB ANTÁRTICA,22925,-46.650782,-23.472155,2025-10-16 14:02:37-03:00,POINT (331403.4322563575 7403243.680983758),,,,
14:02:00,560,178L-10,HOSP. DAS CLÍNICAS - LAUZANE PAULISTA,22926,-46.63634125,-23.4893505,2025-10-16 14:02:29-03:00,POINT (332900.2364935494 7401356.352921177),,,,
14:02:00,539,1741-10,METRÔ SANTANA - VL. DIONISIA,22927,-46.66252675,-23.46349775,2025-10-16 14:02:28-03:00,POINT (330192.613459831 7404188.549773401),,,,
14:02:00,2265,211L-10,LAPA - MANDAQUI,22928,-46.6671755,-23.4732865,2025-10-16 14:02:17-03:00,POINT (329730.2716099245 7403099.061927669),,,,
14:02:00,2265,211L-10,LAPA - MANDAQUI,22929,-46.648324625,-23.46981925,2025-10-16 14:02:26-03:00,POINT (331651.49033876485 7403505.21623766),,,,
14:02:00,35033,211L-10,LAPA - MANDAQUI,22931,-46.6307425,-23.4826065,2025-10-16 14:02:40-03:00,POINT (333463.60222315055 7402109.665770531),,,,
14:02:00,35033,211L-10,LAPA - MANDAQUI,22932,-46.6372595,-23.471667,2025-10-16 14:02:15-03:00,POINT (332784.14749792736 7403313.51212433),,,,
14:02:00,33314,1745-10,SHOP. CENTER NORTE - VL.NOVA CACHOEIRINHA,22933,-46.64384200000001,-23.4957675,2025-10-16 14:02:40-03:00,POINT (332142.2608112642 7400637.004318426),,,,
14:02:00,658,971A-10,SHOP. D - JD. PRIMAVERA,22936,-46.642907750000006,-23.503359000000003,2025-10-16 14:01:59-03:00,POINT (332247.2924254666 7399797.428127558),,,,
14:02:00,658,971A-10,SHOP. D - JD. PRIMAVERA,22937,-46.66302675,-23.50442125,2025-10-16 14:02:21-03:00,POINT (330193.96599351545 7399656.149232576),,,,
14:02:00,658,971A-10,SHOP. D - JD. PRIMAVERA,22938,-46.6756485,-23.490481,2025-10-16 14:02:27-03:00,POINT (328886.94461938046 7401184.899538321),,,,
14:02:00,618,971T-10,METRÔ SANTANA - VL. STA. MARIA,22939,-46.673804,-23.4928295,2025-10-16 14:02:31-03:00,POINT (329078.3665783106 7400927.024331356),,,,
14:02:00,658,971A-10,SHOP. D - JD. PRIMAVERA,22940,-46.6808985,-23.4867765,2025-10-16 14:02:41-03:00,POINT (328345.9239779271 7401588.870928699),,,,
14:02:00,33307,1741-10,METRÔ SANTANA - VL. DIONISIA,22942,-46.663542500000005,-23.4646735,2025-10-16 14:02:42-03:00,POINT (330090.3522431225 7404057.149606861),,,,
14:02:00,33386,971T-10,METRÔ SANTANA - VL. STA. MARIA,22943,-46.67373550000001,-23.4933625,2025-10-16 14:01:59-03:00,POINT (329086.05040788534 7400868.08188279),,,,
14:02:00,618,971T-10,METRÔ SANTANA - VL. STA. MARIA,22944,-46.652702000000005,-23.487154,2025-10-16 14:02:27-03:00,POINT (331226.39679255465 7401580.467186247),,,,
14:02:00,33426,971A-10,SHOP. D - JD. PRIMAVERA,22945,-46.680385,-23.486307,2025-10-16 14:02:03-03:00,POINT (328397.7652752366 7401641.476341335),,,,
14:02:00,33386,971T-10,METRÔ SANTANA - VL. STA. MARIA,22946,-46.6777895,-23.4935405,2025-10-16 14:02:21-03:00,POINT (328672.2240914219 7400843.54127224),,,,
14:02:00,539,1741-10,METRÔ SANTANA - VL. DIONISIA,22947,-46.662706,-23.464032,2025-10-16 14:02:08-03:00,POINT (330174.9854599781 7404129.176200919),,,,
14:02:00,33386,971T-10,METRÔ SANTANA - VL. STA. MARIA,22948,-46.636390250000005,-23.49858475,2025-10-16 14:02:30-03:00,POINT (332906.87775012635 7400333.716431808),,,,
14:02:00,618,971T-10,METRÔ SANTANA - VL. STA. MARIA,22949,-46.673804,-23.4928295,2025-10-16 14:02:32-03:00,POINT (329078.3665783106 7400927.024331356),,,,
14:02:00,33386,971T-10,METRÔ SANTANA - VL. STA. MARIA,22951,-46.65360575,-23.48394775,2025-10-16 14:02:36-03:00,POINT (331130.00358420366 7401934.459885383),,,,
14:02:00,33426,971A-10,SHOP. D - JD. PRIMAVERA,22952,-46.6672615,-23.498237,2025-10-16 14:02:02-03:00,POINT (329753.5372397803 7400335.972552309),,,,
14:02:00,858,172P-10,METRÔ BELÉM - VL. ZILDA,26006,-46.5663995,-23.436752,2025-10-16 14:02:38-03:00,POINT (339980.37591856206 7407260.431169014),,,,
14:02:00,33629,172X-10,METRÔ TATUAPÉ - PQ. NOVO MUNDO,26009,-46.557902,-23.5235055,2025-10-16 14:02:37-03:00,POINT (340952.7075662186 7397663.234449574),,,,
14:02:00,33626,172P-10,METRÔ BELÉM - VL. ZILDA,26013,-46.566422,-23.4382195,2025-10-16 14:02:29-03:00,POINT (339979.84449952387 7407097.903504569),,,,
14:02:00,1937,1720-21,METRÔ TUCURUVI - VILA SABRINA,26030,-46.576774,-23.4783935,2025-10-16 14:02:21-03:00,POINT (338970.88583767344 7402637.692621687),,,,
14:02:00,1937,1720-21,METRÔ TUCURUVI - VILA SABRINA,26038,-46.59832675,-23.48146,2025-10-16 14:02:25-03:00,POINT (336773.1820169573 7402273.812112133),,,,
14:02:00,33632,1722-10,METRÔ TUCURUVI - JD. MARINA,26041,-46.602113,-23.4796515,2025-10-16 14:02:42-03:00,POINT (336384.2157149047 7402469.773700935),,,,
14:02:00,858,172P-10,METRÔ BELÉM - VL. ZILDA,26043,-46.566442,-23.43763,2025-10-16 14:02:29-03:00,POINT (339977.0909782287 7407163.159180822),,,,
14:02:00,864,1722-10,METRÔ TUCURUVI - JD. MARINA,26050,-46.6510885,-23.4719265,2025-10-16 14:02:15-03:00,POINT (331371.8325336264 7403268.625177423),,,,
14:02:00,856,172J-10,TATUAPÉ - JD. BRASIL,26051,-46.568705,-23.4797715,2025-10-16 14:02:27-03:00,POINT (339796.7447653863 7402494.115470436),,,,
14:02:00,33632,1722-10,METRÔ TUCURUVI - JD. MARINA,26062,-46.597817000000006,-23.4568955,2025-10-16 14:02:39-03:00,POINT (336795.0299897951 7404994.563387425),,,,
14:02:00,858,172P-10,METRÔ BELÉM - VL. ZILDA,26084,-46.5663995,-23.436752,2025-10-16 14:02:10-03:00,POINT (339980.37591856206 7407260.431169014),,,,
14:02:00,33632,1722-10,METRÔ TUCURUVI - JD. MARINA,26091,-46.589292,-23.456875,2025-10-16 14:02:17-03:00,POINT (337665.9234873645 7405006.478035621),,,,
14:02:00,34705,1720-21,METRÔ TUCURUVI - VILA SABRINA,26101,-46.5772385,-23.478613000000003,2025-10-16 14:01:58-03:00,POINT (338923.70686886634 7402612.865822563),,,,
14:02:00,861,172X-10,METRÔ TATUAPÉ - PQ. NOVO MUNDO,26105,-46.56474425,-23.5043985,2025-10-16 14:02:14-03:00,POINT (340230.99903379136 7399771.453131036),,,,
14:02:00,861,172X-10,METRÔ TATUAPÉ - PQ. NOVO MUNDO,26113,-46.568465,-23.518041,2025-10-16 14:02:10-03:00,POINT (339867.52693975845 7398256.600977559),,,,
14:02:00,33632,1722-10,METRÔ TUCURUVI - JD. MARINA,26116,-46.6023295,-23.4799805,2025-10-16 14:02:24-03:00,POINT (336362.50773969525 7402433.095033615),,,,
14:02:00,33629,172X-10,METRÔ TATUAPÉ - PQ. NOVO MUNDO,26125,-46.575557,-23.53920575,2025-10-16 14:02:42-03:00,POINT (339169.0789400517 7395904.973155126),,,,
14:02:00,34705,1720-21,METRÔ TUCURUVI - VILA SABRINA,26132,-46.6035315,-23.4808215,2025-10-16 14:02:00-03:00,POINT (336240.770532244 7402338.596926536),,,,
14:02:00,861,172X-10,METRÔ TATUAPÉ - PQ. NOVO MUNDO,26134,-46.58515375,-23.527674,2025-10-16 14:02:31-03:00,POINT (338175.17356519704 7397171.160450137),,,,
14:02:00,33627,172R-10,METRÔ BELÉM - JAÇANÃ,26140,-46.570454,-23.48938,2025-10-16 14:02:34-03:00,POINT (339629.72301774553 7401428.166761074),,,,
14:02:00,33626,172P-10,METRÔ BELÉM - VL. ZILDA,26141,-46.5897915,-23.5421965,2025-10-16 14:02:26-03:00,POINT (337719.45531885175 7395557.751006158),,,,
14:02:00,33627,172R-10,METRÔ BELÉM - JAÇANÃ,26147,-46.5759625,-23.5017865,2025-10-16 14:02:21-03:00,POINT (339082.182733311 7400048.168464139),,,,
14:02:00,34705,1720-21,METRÔ TUCURUVI - VILA SABRINA,26158,-46.57385,-23.4871435,2025-10-16 14:02:00-03:00,POINT (339280.1612610405 7401672.031874765),,,,
14:02:00,33629,172X-10,METRÔ TATUAPÉ - PQ. NOVO MUNDO,26163,-46.56647875,-23.5378945,2025-10-16 14:02:29-03:00,POINT (340094.3485145365 7396060.327592506),,,,
14:02:00,33632,1722-10,METRÔ TUCURUVI - JD. MARINA,26180,-46.613899,-23.458237875,2025-10-16 14:02:34-03:00,POINT (335153.7446948335 7404827.579017893),,,,
14:02:00,859,172R-10,METRÔ BELÉM - JAÇANÃ,26181,-46.584262,-23.465965,2025-10-16 14:02:41-03:00,POINT (338190.87381790625 7404005.560351946),,,,
14:02:00,858,172P-10,METRÔ BELÉM - VL. ZILDA,26187,-46.57119825,-23.4400275,2025-10-16 14:02:32-03:00,POINT (339494.01997925236 7406892.379178024),,,,
14:02:00,34705,1720-21,METRÔ TUCURUVI - VILA SABRINA,26199,-46.5772385,-23.478613000000003,2025-10-16 14:02:00-03:00,POINT (338923.70686886634 7402612.865822563),,,,
14:02:00,33627,172R-10,METRÔ BELÉM - JAÇANÃ,26216,-46.595751,-23.538728,2025-10-16 14:01:56-03:00,POINT (337106.7484366589 7395935.083927561),,,,
14:02:00,858,172P-10,METRÔ BELÉM - VL. ZILDA,26248,-46.59685625,-23.53911275,2025-10-16 14:02:42-03:00,POINT (336994.3795469097 7395891.222040245),,,,
14:02:00,859,172R-10,METRÔ BELÉM - JAÇANÃ,26265,-46.573657,-23.47734075,2025-10-16 14:02:32-03:00,POINT (339287.99073134735 7402757.757218466),,,,
14:02:00,33627,172R-10,METRÔ BELÉM - JAÇANÃ,26276,-46.6005005,-23.534526,2025-10-16 14:02:12-03:00,POINT (336616.64414041827 7396394.997327713),,,,
14:02:00,864,1722-10,METRÔ TUCURUVI - JD. MARINA,26294,-46.672304,-23.482192,2025-10-16 14:02:35-03:00,POINT (329217.8630775757 7402106.794086955),,,,
14:02:00,33624,172J-10,TATUAPÉ - JD. BRASIL,26301,-46.5727125,-23.50057,2025-10-16 14:02:29-03:00,POINT (339412.6149918732 7400186.515853408),,,,
14:02:00,33624,172J-10,TATUAPÉ - JD. BRASIL,26305,-46.584391125,-23.52324275,2025-10-16 14:02:36-03:00,POINT (338247.62422552303 7397662.720069013),,,,
14:02:00,856,172J-10,TATUAPÉ - JD. BRASIL,26308,-46.597466,-23.528224,2025-10-16 14:02:39-03:00,POINT (336918.6987647485 7397096.3135924395),,,,
14:02:00,861,172X-10,METRÔ TATUAPÉ - PQ. NOVO MUNDO,26321,-46.5846195,-23.5295865,2025-10-16 14:02:08-03:00,POINT (338232.06236375304 7396959.979954461),,,,
14:02:00,864,1722-10,METRÔ TUCURUVI - JD. MARINA,26332,-46.672304,-23.482192,2025-10-16 14:02:03-03:00,POINT (329217.8630775757 7402106.794086955),,,,
14:02:00,859,172R-10,METRÔ BELÉM - JAÇANÃ,26338,-46.583746000000005,-23.465826,2025-10-16 14:02:23-03:00,POINT (338243.4154158068 7404021.53300149),,,,
14:02:00,858,172P-10,METRÔ BELÉM - VL. ZILDA,26339,-46.587077,-23.456825,2025-10-16 14:02:30-03:00,POINT (337892.14763951825 7405014.512240321),,,,
14:02:00,33629,172X-10,METRÔ TATUAPÉ - PQ. NOVO MUNDO,26352,-46.56576,-23.5333775,2025-10-16 14:02:16-03:00,POINT (340162.2710984224 7396561.3216137625),,,,
14:02:00,864,1722-10,METRÔ TUCURUVI - JD. MARINA,26376,-46.672434,-23.4822155,2025-10-16 14:02:17-03:00,POINT (329204.6146614979 7402104.037239977),,,,
14:02:00,1937,1720-21,METRÔ TUCURUVI - VILA SABRINA,26396,-46.5743185,-23.4873335,2025-10-16 14:02:41-03:00,POINT (339232.5407432367 7401650.468107549),,,,
14:02:00,858,172P-10,METRÔ BELÉM - VL. ZILDA,26402,-46.585522,-23.43873,2025-10-16 14:02:37-03:00,POINT (338028.9373710192 7407020.01660051),,,,
14:02:00,33624,172J-10,TATUAPÉ - JD. BRASIL,26403,-46.5776415,-23.5400975,2025-10-16 14:02:20-03:00,POINT (338957.3451136543 7395803.88483423),,,,
14:02:00,856,172J-10,TATUAPÉ - JD. BRASIL,26406,-46.568705,-23.4797715,2025-10-16 14:02:38-03:00,POINT (339796.7447653863 7402494.115470436),,,,
14:02:00,33632,1722-10,METRÔ TUCURUVI - JD. MARINA,26407,-46.5962375,-23.4717395,2025-10-16 14:02:17-03:00,POINT (336974.63190926576 7403352.592050912),,,,
14:02:00,861,172X-10,METRÔ TATUAPÉ - PQ. NOVO MUNDO,26453,-46.56474425,-23.5043985,2025-10-16 14:02:11-03:00,POINT (340230.99903379136 7399771.453131036),,,,
14:02:00,864,1722-10,METRÔ TUCURUVI - JD. MARINA,26470,-46.634456,-23.46517025,2025-10-16 14:02:30-03:00,POINT (333062.3513487647 7404036.202101825),,,,
14:02:00,33629,172X-10,METRÔ TATUAPÉ - PQ. NOVO MUNDO,26479,-46.577504,-23.539936,2025-10-16 14:02:15-03:00,POINT (338971.1865793618 7395821.923128585),,,,
14:02:00,33624,172J-10,TATUAPÉ - JD. BRASIL,26485,-46.58326375,-23.5139625,2025-10-16 14:02:19-03:00,POINT (338351.4045546233 7398691.648499379),,,,
14:02:00,856,172J-10,TATUAPÉ - JD. BRASIL,26486,-46.59479025,-23.52472375,2025-10-16 14:02:21-03:00,POINT (337187.6001137002 7397486.9583327),,,,
14:02:00,858,172P-10,METRÔ BELÉM - VL. ZILDA,26487,-46.569611,-23.4390595,2025-10-16 14:02:14-03:00,POINT (339655.02528783795 7407001.338779458),,,,
14:02:00,141,2551-10,TERM. PQ. D. PEDRO II - TERM. A. E. CARVALHO,31780,-46.5016145,-23.4857535,2025-10-16 14:02:32-03:00,POINT (346656.3518091558 7401904.884704802),,,,
14:02:00,141,2551-10,TERM. PQ. D. PEDRO II - TERM. A. E. CARVALHO,31781,-46.4759135,-23.517939,2025-10-16 14:02:34-03:00,POINT (349317.93788641284 7398368.107707227),,,,
14:02:00,141,2551-10,TERM. PQ. D. PEDRO II - TERM. A. E. CARVALHO,31782,-46.4759135,-23.517939,2025-10-16 14:01:58-03:00,POINT (349317.93788641284 7398368.107707227),,,,
14:02:00,32975,208V-10,TERM. PQ. D. PEDRO II - TERM. A. E. CARVALHO,31783,-46.502901,-23.510962,2025-10-16 14:02:37-03:00,POINT (346554.1561700391 7399112.101313602),,,,
14:02:00,32909,2551-10,TERM. PQ. D. PEDRO II - TERM. A. E. CARVALHO,31784,-46.546455875,-23.509415500000003,2025-10-16 14:02:00-03:00,POINT (342104.63832063775 7399236.126119785),,,,
14:02:00,32909,2551-10,TERM. PQ. D. PEDRO II - TERM. A. E. CARVALHO,31785,-46.58915,-23.5366255,2025-10-16 14:02:28-03:00,POINT (337778.11356553715 7396175.390058173),,,,
14:02:00,260,2059-10,CPTM GUAIANASES - SÃO MIGUEL,31786,-46.4437835,-23.4935985,2025-10-16 14:02:19-03:00,POINT (352571.6092761172 7401096.718173329),,,,
14:02:00,33028,2059-10,CPTM GUAIANASES - SÃO MIGUEL,31787,-46.439372500000005,-23.5078855,2025-10-16 14:02:34-03:00,POINT (353037.9441627745 7399519.227168234),,,,
14:02:00,158,253F-10,TERM. SÃO MATEUS - TERM. A. E. CARVALHO,31788,-46.475586,-23.5185795,2025-10-16 14:02:16-03:00,POINT (349352.1078167561 7398297.527501958),,,,
14:02:00,33028,2059-10,CPTM GUAIANASES - SÃO MIGUEL,31789,-46.442163,-23.4909965,2025-10-16 14:02:19-03:00,POINT (352734.21513943357 7401386.50146943),,,,
14:02:00,32897,1177-10,LUZ - TERM. A. E. CARVALHO,31790,-46.626624500000005,-23.52,2025-10-16 14:02:36-03:00,POINT (333931.1143852824 7397973.57184512),,,,
14:02:00,129,1177-10,LUZ - TERM. A. E. CARVALHO,31791,-46.58515375,-23.527674,2025-10-16 14:02:39-03:00,POINT (338175.17356519704 7397171.160450137),,,,
14:02:00,207,208V-10,TERM. PQ. D. PEDRO II - TERM. A. E. CARVALHO,31792,-46.475941500000005,-23.517753,2025-10-16 14:02:24-03:00,POINT (349314.8670587607 7398388.6745050065),,,,
14:02:00,32897,1177-10,LUZ - TERM. A. E. CARVALHO,31793,-46.56593175,-23.5273665,2025-10-16 14:02:34-03:00,POINT (340137.47054135916 7397226.761626616),,,,
14:02:00,129,1177-10,LUZ - TERM. A. E. CARVALHO,31794,-46.631504375,-23.538141125000003,2025-10-16 14:01:58-03:00,POINT (333455.6582187611 7395959.005107334),,,,
14:02:00,32975,208V-10,TERM. PQ. D. PEDRO II - TERM. A. E. CARVALHO,31795,-46.475783,-23.517572,2025-10-16 14:02:14-03:00,POINT (349330.8454100613 7398408.883425058),,,,
14:02:00,141,2551-10,TERM. PQ. D. PEDRO II - TERM. A. E. CARVALHO,31796,-46.550911,-23.5251735,2025-10-16 14:01:52-03:00,POINT (341668.53954469366 7397486.259973723),,,,
14:02:00,32897,1177-10,LUZ - TERM. A. E. CARVALHO,31797,-46.500585,-23.511697,2025-10-16 14:02:38-03:00,POINT (346791.5069289205 7399033.185981092),,,,
14:02:00,141,2551-10,TERM. PQ. D. PEDRO II - TERM. A. E. CARVALHO,31799,-46.60931325,-23.539449750000003,2025-10-16 14:02:24-03:00,POINT (335722.97071672033 7395839.6882197615),,,,
14:02:00,253,3063-10,TERM. SÃO MATEUS - GUAIANASES,31948,-46.41178175,-23.54701025,2025-10-16 14:02:07-03:00,POINT (355898.0172901676 7395214.903041733),,,,
14:02:00,253,3063-10,TERM. SÃO MATEUS - GUAIANASES,31949,-46.468203,-23.598452,2025-10-16 14:02:05-03:00,POINT (350196.58307665575 7389460.775956319),,,,
14:02:00,253,3063-10,TERM. SÃO MATEUS - GUAIANASES,31950,-46.4763735,-23.612665,2025-10-16 14:02:11-03:00,POINT (349379.0493991976 7387878.343280802),,,,
14:02:00,2167,407F-10,METRÔ BELÉM - TERM. SÃO MATEUS,31953,-46.549729,-23.56305875,2025-10-16 14:02:39-03:00,POINT (341834.56751539576 7393292.334912695),,,,
14:02:00,34935,407F-10,METRÔ BELÉM - TERM. SÃO MATEUS,31956,-46.4762815,-23.611793,2025-10-16 14:02:00-03:00,POINT (349387.43998284126 7387974.999788947),,,,
14:02:00,2171,4311-10,TERM. PQ. D. PEDRO II - TERM. SÃO MATEUS,31957,-46.4763445,-23.6135545,2025-10-16 14:02:28-03:00,POINT (349383.0252956371 7387779.876379773),,,,
14:02:00,33021,3063-10,TERM. SÃO MATEUS - GUAIANASES,31958,-46.450891,-23.5951525,2025-10-16 14:02:08-03:00,POINT (351959.5133927865 7389844.157365873),,,,
14:02:00,2167,407F-10,METRÔ BELÉM - TERM. SÃO MATEUS,31962,-46.4905275,-23.58802425,2025-10-16 14:02:34-03:00,POINT (347906.39919946494 7390591.926508117),,,,
14:02:00,34883,930P-10,TERM. PINHEIROS - TERM. PQ. D. PEDRO II,32650,-46.6676525,-23.5652405,2025-10-16 14:02:02-03:00,POINT (329799.8539928306 7392915.583196014),,,,
14:02:00,32892,805L-10,ACLIMAÇÃO - TERM. PRINC. ISABEL,32651,-46.65690549999999,-23.560971,2025-10-16 14:02:19-03:00,POINT (330891.432624393 7393401.11308738),,,,
14:02:00,117,508L-10,ACLIMAÇÃO - TERM. PRINC. ISABEL,32652,-46.642536250000006,-23.573476375,2025-10-16 14:02:26-03:00,POINT (332374.15374434425 7392033.168960298),,,,
14:02:00,2115,930P-10,TERM. PINHEIROS - TERM. PQ. D. PEDRO II,32653,-46.647543,-23.550422,2025-10-16 14:02:26-03:00,POINT (331833.749275426 7394580.317679359),,,,
14:02:00,223,273G-10,METRÔ ARTUR ALVIM - JD. HELENA,32654,-46.427967,-23.477591,2025-10-16 14:02:01-03:00,POINT (354169.29454786656 7402885.372333564),,,,
14:02:00,223,273G-10,METRÔ ARTUR ALVIM - JD. HELENA,32656,-46.436046000000005,-23.485437,2025-10-16 14:02:03-03:00,POINT (353352.78886980016 7402008.363535177),,,,
14:02:00,33160,273X-10,METRÔ ARTUR ALVIM - JD. DAS OLIVEIRAS,32657,-46.376669500000006,-23.498169,2025-10-16 14:02:28-03:00,POINT (359430.56678492395 7400657.898689918),,,,
14:02:00,33160,273X-10,METRÔ ARTUR ALVIM - JD. DAS OLIVEIRAS,32658,-46.445477,-23.4923,2025-10-16 14:02:25-03:00,POINT (352397.21017632383 7401238.763420305),,,,
14:02:00,33160,273X-10,METRÔ ARTUR ALVIM - JD. DAS OLIVEIRAS,32659,-46.388393750000006,-23.49528,2025-10-16 14:02:04-03:00,POINT (358230.1716515196 7400966.273344205),,,,
14:02:00,124,805L-10,ACLIMAÇÃO - TERM. PRINC. ISABEL,32660,-46.632430125,-23.565400125,2025-10-16 14:02:34-03:00,POINT (333395.5146994669 7392939.314506289),,,,
14:02:00,34883,930P-10,TERM. PINHEIROS - TERM. PQ. D. PEDRO II,32661,-46.6305745,-23.546217,2025-10-16 14:02:15-03:00,POINT (333560.76617456955 7395065.777686732),,,,
14:02:00,124,805L-10,ACLIMAÇÃO - TERM. PRINC. ISABEL,32662,-46.64212975,-23.537077,2025-10-16 14:02:26-03:00,POINT (332369.4653548063 7396064.464463392),,,,
14:02:00,117,508L-10,ACLIMAÇÃO - TERM. PRINC. ISABEL,32663,-46.659047625,-23.5484335,2025-10-16 14:02:13-03:00,POINT (330656.6889974257 7394786.977538455),,,,
14:02:00,117,508L-10,ACLIMAÇÃO - TERM. PRINC. ISABEL,32664,-46.658242,-23.559982625000004,2025-10-16 14:02:03-03:00,POINT (330753.732925256 7393508.986960489),,,,
14:02:00,34883,930P-10,TERM. PINHEIROS - TERM. PQ. D. PEDRO II,32665,-46.7020465,-23.5661855,2025-10-16 14:02:34-03:00,POINT (326290.1549917804 7392769.64474747),,,,
14:02:00,2115,930P-10,TERM. PINHEIROS - TERM. PQ. D. PEDRO II,32666,-46.7022065,-23.565819,2025-10-16 14:02:00-03:00,POINT (326273.33997030056 7392810.037336945),,,,
14:02:00,117,508L-10,ACLIMAÇÃO - TERM. PRINC. ISABEL,32667,-46.644913,-23.5346835,2025-10-16 14:02:29-03:00,POINT (332082.25496084103 7396326.261098585),,,,
14:02:00,124,805L-10,ACLIMAÇÃO - TERM. PRINC. ISABEL,32668,-46.64257875,-23.5441995,2025-10-16 14:02:26-03:00,POINT (332332.6559393077 7395275.204354262),,,,
14:02:00,32892,805L-10,ACLIMAÇÃO - TERM. PRINC. ISABEL,32669,-46.64357325,-23.57177975,2025-10-16 14:02:34-03:00,POINT (332266.1489056002 7392219.837227936),,,,
14:02:00,135,2363-10,TERM. PQ. D. PEDRO II - JD. DANFER,32670,-46.56256275,-23.53263575,2025-10-16 14:02:00-03:00,POINT (340487.81741386664 7396647.018859779),,,,
14:02:00,33514,3414-10,TERM. PQ. D. PEDRO II - VL. DALILA,41100,-46.545309,-23.5344645,2025-10-16 14:02:15-03:00,POINT (342251.61992756784 7396463.593411216),,,,
14:02:00,746,3414-10,TERM. PQ. D. PEDRO II - VL. DALILA,41101,-46.5252685,-23.538889,2025-10-16 14:02:22-03:00,POINT (344302.93949566653 7395995.547887894),,,,
14:02:00,2588,4037-10,CIRCULAR - TERM. VL. CARRÃO,41102,-46.5229205,-23.558423,2025-10-16 14:02:19-03:00,POINT (344565.6346724431 7393835.012141112),,,,
14:02:00,766,408A-10,CARDOSO DE ALMEIDA - MACHADO DE ASSIS,41104,-46.646993125,-23.543830125,2025-10-16 14:02:17-03:00,POINT (331881.50081093877 7395310.938953954),,,,
14:02:00,33514,3414-10,TERM. PQ. D. PEDRO II - VL. DALILA,41106,-46.521928,-23.5443795,2025-10-16 14:02:11-03:00,POINT (344650.4396368103 7395391.184944305),,,,
14:02:00,33488,3032-10,CIRCULAR - TERM. VL. CARRÃO,41107,-46.5083905,-23.56890625,2025-10-16 14:02:34-03:00,POINT (346061.07121522765 7392689.846107903),,,,
14:02:00,766,408A-10,CARDOSO DE ALMEIDA - MACHADO DE ASSIS,41108,-46.632999,-23.579777,2025-10-16 14:02:22-03:00,POINT (333355.5963641389 7391346.577921179),,,,
14:02:00,711,2002-10,TERM. BANDEIRA - TERM. PQ. D. PEDRO II,41110,-46.644393,-23.544097,2025-10-16 14:02:43-03:00,POINT (332147.3001257187 7395284.432140475),,,,
14:02:00,766,408A-10,CARDOSO DE ALMEIDA - MACHADO DE ASSIS,41111,-46.6332635,-23.579643,2025-10-16 14:02:40-03:00,POINT (333328.43038680713 7391361.1090009),,,,
14:02:00,33514,3414-10,TERM. PQ. D. PEDRO II - VL. DALILA,41113,-46.5214515,-23.5445375,2025-10-16 14:02:24-03:00,POINT (344699.2714571741 7395374.205160796),,,,
14:02:00,33763,3139-10,PÇA. JOÃO MENDES - JD. VL. FORMOSA,41114,-46.635453,-23.552107,2025-10-16 14:02:23-03:00,POINT (333070.14619997464 7394407.856181586),,,,
14:02:00,711,2002-10,TERM. BANDEIRA - TERM. PQ. D. PEDRO II,41115,-46.62942425,-23.54893,2025-10-16 14:02:25-03:00,POINT (333681.6128113498 7394766.680134529),,,,
14:02:00,33479,2002-10,TERM. BANDEIRA - TERM. PQ. D. PEDRO II,41116,-46.6299155,-23.546762,2025-10-16 14:02:13-03:00,POINT (333628.7314357867 7395006.190358245),,,,
14:02:00,766,408A-10,CARDOSO DE ALMEIDA - MACHADO DE ASSIS,41117,-46.632999,-23.579777,2025-10-16 14:02:04-03:00,POINT (333355.5963641389 7391346.577921179),,,,
14:02:00,995,3139-10,PÇA. JOÃO MENDES - JD. VL. FORMOSA,41118,-46.523503000000005,-23.5672625,2025-10-16 14:02:07-03:00,POINT (344516.5802445799 7392855.542857924),,,,
14:02:00,766,408A-10,CARDOSO DE ALMEIDA - MACHADO DE ASSIS,41119,-46.6332635,-23.579643,2025-10-16 14:02:41-03:00,POINT (333328.43038680713 7391361.1090009),,,,
14:02:00,33482,2101-10,PÇA. DA SÉ - PÇA. SILVIO ROMERO,41120,-46.575951,-23.545001000000003,2025-10-16 14:02:24-03:00,POINT (339135.90516230377 7395262.787990513),,,,
14:02:00,766,408A-10,CARDOSO DE ALMEIDA - MACHADO DE ASSIS,41121,-46.632999,-23.579777,2025-10-16 14:02:03-03:00,POINT (333355.5963641389 7391346.577921179),,,,
14:02:00,766,408A-10,CARDOSO DE ALMEIDA - MACHADO DE ASSIS,41122,-46.63286775,-23.559263625,2025-10-16 14:02:18-03:00,POINT (333343.09901301895 7393618.351944458),,,,
14:02:00,33534,408A-10,CARDOSO DE ALMEIDA - MACHADO DE ASSIS,41124,-46.63313975,-23.55488975,2025-10-16 14:02:34-03:00,POINT (333309.81324929895 7394102.391420493),,,,
14:02:00,711,2002-10,TERM. BANDEIRA - TERM. PQ. D. PEDRO II,41126,-46.642435,-23.548659,2025-10-16 14:02:25-03:00,POINT (332352.9889888919 7394781.533661321),,,,
14:02:00,746,3414-10,TERM. PQ. D. PEDRO II - VL. DALILA,41129,-46.630341,-23.5461345,2025-10-16 14:02:40-03:00,POINT (333584.5009807622 7395075.184660424),,,,
14:02:00,715,2101-41,TERM. VL. PRUDENTE - PÇA. SILVIO ROMERO,41130,-46.5898585,-23.565399,2025-10-16 14:02:12-03:00,POINT (337741.11280723027 7392988.306083869),,,,
14:02:00,995,3139-10,PÇA. JOÃO MENDES - JD. VL. FORMOSA,41131,-46.531307,-23.5740675,2025-10-16 14:02:13-03:00,POINT (343728.05694265175 7392093.499746051),,,,
14:02:00,35356,4037-10,CIRCULAR - TERM. VL. CARRÃO,41132,-46.50931175000001,-23.568596625,2025-10-16 14:02:15-03:00,POINT (345966.6768506222 7392723.141749084),,,,
14:02:00,720,3032-10,CIRCULAR - TERM. VL. CARRÃO,41133,-46.4954635,-23.565028,2025-10-16 14:01:58-03:00,POINT (347376.0608396864 7393133.131787314),,,,
14:02:00,33479,2002-10,TERM. BANDEIRA - TERM. PQ. D. PEDRO II,41134,-46.63882,-23.552169125,2025-10-16 14:02:20-03:00,POINT (332726.49270188366 7394397.050920968),,,,
14:02:00,33763,3139-10,PÇA. JOÃO MENDES - JD. VL. FORMOSA,41137,-46.5782905,-23.5579455,2025-10-16 14:02:26-03:00,POINT (338912.8424033489 7393826.735256899),,,,
14:02:00,720,3032-10,CIRCULAR - TERM. VL. CARRÃO,41138,-46.522539,-23.558674,2025-10-16 14:02:23-03:00,POINT (344604.873394873 7393807.631579049),,,,
14:02:00,33534,408A-10,CARDOSO DE ALMEIDA - MACHADO DE ASSIS,41139,-46.6333885,-23.5681505,2025-10-16 14:02:39-03:00,POINT (333301.15805351303 7392633.627057345),,,,
14:02:00,711,2002-10,TERM. BANDEIRA - TERM. PQ. D. PEDRO II,41140,-46.638573375,-23.544589625,2025-10-16 14:02:18-03:00,POINT (332742.07750989374 7395236.681063471),,,,
14:02:00,746,3414-10,TERM. PQ. D. PEDRO II - VL. DALILA,41141,-46.522450875,-23.54258125,2025-10-16 14:02:07-03:00,POINT (344594.94494729635 7395589.746033023),,,,
14:02:00,33534,408A-10,CARDOSO DE ALMEIDA - MACHADO DE ASSIS,41142,-46.672401,-23.543693,2025-10-16 14:02:10-03:00,POINT (329287.2878136028 7395296.100149713),,,,
14:02:00,711,2002-10,TERM. BANDEIRA - TERM. PQ. D. PEDRO II,41144,-46.6295935,-23.547219,2025-10-16 14:02:29-03:00,POINT (333662.1803810033 7394955.956699748),,,,
14:02:00,33514,3414-10,TERM. PQ. D. PEDRO II - VL. DALILA,41145,-46.626432,-23.5535745,2025-10-16 14:02:19-03:00,POINT (333992.92891941697 7394255.825909607),,,,
14:02:00,720,3032-10,CIRCULAR - TERM. VL. CARRÃO,41146,-46.522539,-23.558674,2025-10-16 14:02:14-03:00,POINT (344604.873394873 7393807.631579049),,,,
14:02:00,766,408A-10,CARDOSO DE ALMEIDA - MACHADO DE ASSIS,41147,-46.632999,-23.579777,2025-10-16 14:02:08-03:00,POINT (333355.5963641389 7391346.577921179),,,,
14:02:00,995,3139-10,PÇA. JOÃO MENDES - JD. VL. FORMOSA,41148,-46.582864,-23.553227,2025-10-16 14:02:19-03:00,POINT (338440.19968207635 7394344.096575391),,,,
14:02:00,33479,2002-10,TERM. BANDEIRA - TERM. PQ. D. PEDRO II,41149,-46.62951175,-23.543805,2025-10-16 14:02:31-03:00,POINT (333666.22999005415 7395334.111436648),,,,
14:02:00,2588,4037-10,CIRCULAR - TERM. VL. CARRÃO,41150,-46.489523,-23.55880125,2025-10-16 14:02:40-03:00,POINT (347975.26279797836 7393828.956413295),,,,
14:02:00,33482,2101-10,PÇA. DA SÉ - PÇA. SILVIO ROMERO,41151,-46.6298945,-23.549564,2025-10-16 14:02:25-03:00,POINT (333634.4028151955 7394695.926430246),,,,
14:02:00,1059,3773-10,METRÔ CARRÃO - RES. STA. BÁRBARA,47209,-46.464735000000005,-23.615942,2025-10-16 14:02:34-03:00,POINT (350570.3140593955 7387527.682217281),,,,
14:02:00,1051,3761-10,METRÔ CARRÃO - 3A. DIVISÃO,47320,-46.436915625,-23.595830375,2025-10-16 14:02:02-03:00,POINT (353386.43870446587 7389783.484104384),,,,
14:02:00,35394,3063-1,TERM. SÃO MATEUS - GUAIANASES,48033,-46.4766475,-23.613653,2025-10-16 14:02:42-03:00,POINT (349352.22111909476 7387768.649918944),,,,
14:02:00,2194,407A-10,LGO. DA CONCÓRDIA - SHOP. ARICANDUVA,48143,-46.5012915,-23.5631345,2025-10-16 14:02:27-03:00,POINT (346778.977162403 7393336.584993181),,,,
14:02:00,2194,407A-10,LGO. DA CONCÓRDIA - SHOP. ARICANDUVA,48400,-46.576248,-23.5556785,2025-10-16 14:02:01-03:00,POINT (339118.58400327107 7394080.069032997),,,,
14:02:00,34937,407N-10,METRÔ PENHA - TERM. CID. TIRADENTES,48429,-46.4724345,-23.5929575,2025-10-16 14:02:05-03:00,POINT (349758.5104215845 7390064.762136725),,,,
14:02:00,2208,507T-10,METRÔ CARRÃO - TERM. SAPOPEMBA,48461,-46.55593675,-23.54360525,2025-10-16 14:02:08-03:00,POINT (341177.51521732705 7395439.6608176865),,,,
14:02:00,2208,507T-10,METRÔ CARRÃO - TERM. SAPOPEMBA,48635,-46.50882075,-23.569056125000003,2025-10-16 14:02:39-03:00,POINT (346017.3298550218 7392672.787380435),,,,
14:02:00,2199,407L-10,METRÔ GUILHERMINA/ESPERANÇA - BARRO BRANCO,48834,-46.488301750000005,-23.533782,2025-10-16 14:01:58-03:00,POINT (348071.1703404689 7396600.708681328),,,,
14:02:00,34937,407N-10,METRÔ PENHA - TERM. CID. TIRADENTES,48924,-46.51602325,-23.55714775,2025-10-16 14:02:26-03:00,POINT (345268.21022036567 7393983.690430107),,,,
14:02:00,34968,407P-10,METRÔ TATUAPÉ - TERM. CID. TIRADENTES,48930,-46.4086875,-23.5830225,2025-10-16 14:02:35-03:00,POINT (356253.09814636316 7391230.351454135),,,,
14:02:00,2200,407P-10,METRÔ TATUAPÉ - TERM. CID. TIRADENTES,48934,-46.4554635,-23.53697275,2025-10-16 14:02:33-03:00,POINT (351427.44968164153 7396281.7890371615),,,,
14:02:00,34967,407L-10,METRÔ GUILHERMINA/ESPERANÇA - BARRO BRANCO,48938,-46.5141815,-23.5230605,2025-10-16 14:02:42-03:00,POINT (345416.3670793677 7397760.289883746),,,,
14:02:00,33516,3539-10,METRÔ BRESSER - CID. TIRADENTES,48939,-46.417823625,-23.5924525,2025-10-16 14:02:20-03:00,POINT (355331.0311848037 7390176.952986555),,,,
14:02:00,2169,407N-10,METRÔ PENHA - TERM. CID. TIRADENTES,48947,-46.503673500000005,-23.57354,2025-10-16 14:02:07-03:00,POINT (346547.9271270869 7392181.794492344),,,,
14:02:00,2199,407L-10,METRÔ GUILHERMINA/ESPERANÇA - BARRO BRANCO,48949,-46.41639,-23.5761405,2025-10-16 14:02:11-03:00,POINT (355459.4641611056 7391984.647457872),,,,
14:02:00,2199,407L-10,METRÔ GUILHERMINA/ESPERANÇA - BARRO BRANCO,48956,-46.39184675,-23.58788875,2025-10-16 14:02:12-03:00,POINT (357977.05251571216 7390708.318279382),,,,
14:02:00,2200,407P-10,METRÔ TATUAPÉ - TERM. CID. TIRADENTES,48961,-46.4146645,-23.581291,2025-10-16 14:02:23-03:00,POINT (355641.20732965454 7391416.068098878),,,,
14:02:00,33516,3539-10,METRÔ BRESSER - CID. TIRADENTES,48967,-46.464689875000005,-23.555415375,2025-10-16 14:02:05-03:00,POINT (350506.348699637 7394230.008398207),,,,
14:02:00,34937,407N-10,METRÔ PENHA - TERM. CID. TIRADENTES,48972,-46.485155500000005,-23.5871885,2025-10-16 14:02:27-03:00,POINT (348453.68277570116 7390690.170198988),,,,
14:02:00,2186,4013-10,TERM. SÃO MATEUS - JD. STO. ANDRÉ,48999,-46.44333025,-23.6303875,2025-10-16 14:02:30-03:00,POINT (352770.45761076646 7385950.303717442),,,,
14:02:00,327,4491-10,TERM. PQ. D. PEDRO II - VL. LIVIERO,51301,-46.60177625,-23.65123225,2025-10-16 14:01:57-03:00,POINT (336631.03234858415 7383469.763202174),,,,
14:02:00,33116,477P-10,RIO PEQUENO - IPIRANGA,51303,-46.608872,-23.6128265,2025-10-16 14:02:08-03:00,POINT (335859.30488893273 7387714.618848268),,,,
14:02:00,2127,4732-31,METRÔ SAÚDE - VL. LIVIERO,51306,-46.59644875,-23.65043325,2025-10-16 14:02:38-03:00,POINT (337173.5036655001 7383564.329535364),,,,
14:02:00,34429,5038-10,TERM. SACOMÃ - PQ. BRISTOL,51308,-46.6004515,-23.604497,2025-10-16 14:02:22-03:00,POINT (336708.2148122024 7388646.651299529),,,,
14:02:00,34440,5029-10,TERM. SACOMÃ - JD. PATENTE,51309,-46.5852295,-23.6201475,2025-10-16 14:02:16-03:00,POINT (338280.7774771772 7386930.8527986035),,,,
14:02:00,34514,5031-10,TERM. SACOMÃ - VL. ARAPUÁ,55002,-46.5923005,-23.637237,2025-10-16 14:02:22-03:00,POINT (337580.37882854603 7385030.381027484),,,,
14:02:00,1746,5031-10,TERM. SACOMÃ - VL. ARAPUÁ,55020,-46.58837,-23.6342675,2025-10-16 14:02:22-03:00,POINT (337977.71658385027 7385363.680560936),,,,
14:02:00,33877,4734-10,METRÔ SAÚDE - VL. MORAES,55036,-46.6105505,-23.6406075,2025-10-16 14:02:42-03:00,POINT (335722.6967500099 7384636.265810562),,,,
14:02:00,1680,4726-10,METRÔ TATUAPÉ - MOOCA,55533,-46.60321,-23.566068,2025-10-16 13:58:02-03:00,POINT (336379.06246743933 7392899.036017589),,,,
14:02:00,104,637V-10,TERM. STO. AMARO - PQ. AMÉRICA,61458,-46.6836575,-23.730277,2025-10-16 14:02:04-03:00,POINT (328381.5514174784 7374620.08411804),,,,
14:02:00,34049,5129-10,TERM. GUARAPIRANGA - JD. MIRIAM,63709,-46.7352095,-23.668323,2025-10-16 14:02:21-03:00,POINT (323042.135927222 7381418.006333133),,,,
14:02:00,1285,546L-10,TERM. STO. AMARO - JD. LUSO,63710,-46.68924125,-23.68175025,2025-10-16 14:02:17-03:00,POINT (327748.5584288043 7379987.311851751),,,,
14:02:00,34053,546L-10,TERM. STO. AMARO - JD. LUSO,63711,-46.662561,-23.6744495,2025-10-16 14:02:09-03:00,POINT (330460.23658808455 7380827.7828308735),,,,
14:02:00,593,5175-10,PÇA. DA SÉ - BALN. SÃO FRANCISCO,63712,-46.6565085,-23.5823335,2025-10-16 14:02:31-03:00,POINT (330959.31799672806 7391035.909724688),,,,
14:02:00,35365,627M-10,TERM. STO. AMARO - MAR PAULISTA,64702,-46.671195625,-23.697118625,2025-10-16 14:02:20-03:00,POINT (329608.97403358645 7378307.078456089),,,,
14:02:00,33377,875A-10,PERDIZES - AEROPORTO,64703,-46.65694675,-23.61420275,2025-10-16 14:02:03-03:00,POINT (330955.45656148787 7387506.196706302),,,,
14:02:00,2522,605A-10,METRÔ JABAQUARA - CENTRO PARALIMPICO,64704,-46.632075,-23.6497055,2025-10-16 14:02:02-03:00,POINT (333538.29282481456 7383603.833653301),,,,
14:02:00,35365,627M-10,TERM. STO. AMARO - MAR PAULISTA,64705,-46.708767,-23.66327175,2025-10-16 14:02:07-03:00,POINT (325732.6116129445 7382009.947051587),,,,
14:02:00,609,875A-10,PERDIZES - AEROPORTO,64706,-46.663254,-23.6431545,2025-10-16 14:02:33-03:00,POINT (330349.1711842858 7384292.594261173),,,,
14:02:00,2597,627M-10,TERM. STO. AMARO - MAR PAULISTA,64707,-46.715183875,-23.654869,2025-10-16 14:02:37-03:00,POINT (325066.8759974269 7382932.639758833),,,,
14:02:00,609,875A-10,PERDIZES - AEROPORTO,64713,-46.6627935,-23.6434085,2025-10-16 14:02:16-03:00,POINT (330396.4783628966 7384265.013149002),,,,
14:02:00,33377,875A-10,PERDIZES - AEROPORTO,64715,-46.63914925,-23.61787825,2025-10-16 14:02:31-03:00,POINT (332776.1946421672 7387120.104935082),,,,
14:02:00,33377,875A-10,PERDIZES - AEROPORTO,64716,-46.659910125,-23.5584995,2025-10-16 14:02:36-03:00,POINT (330581.54296359717 7393671.255902756),,,,
14:02:00,609,875A-10,PERDIZES - AEROPORTO,64717,-46.64900175,-23.53769,2025-10-16 14:02:01-03:00,POINT (331668.6113802928 7395988.532097032),,,,
14:02:00,609,875A-10,PERDIZES - AEROPORTO,64718,-46.6407295,-23.577326,2025-10-16 14:02:05-03:00,POINT (332563.45652709296 7391608.979427269),,,,
14:02:00,34051,5164-10,PQ. IBIRAPUERA - VL. STA. CATARINA,64719,-46.6437285,-23.6408175,2025-10-16 14:02:40-03:00,POINT (332338.15674215823 7384574.453967069),,,,
14:02:00,1290,576C-10,TERM. STO. AMARO - METRÔ JABAQUARA,64720,-46.635372,-23.637787000000003,2025-10-16 14:02:12-03:00,POINT (333186.8441492381 7384919.835562526),,,,
14:02:00,1290,576C-10,TERM. STO. AMARO - METRÔ JABAQUARA,64722,-46.68973525,-23.6675125,2025-10-16 14:02:10-03:00,POINT (327679.49834317324 7381563.433212278),,,,
14:02:00,33043,675P-10,METRÔ CONCEIÇÃO - SHOP. SP MARKET,64723,-46.7018005,-23.677098,2025-10-16 14:02:26-03:00,POINT (326461.49177119194 7380487.284758965),,,,
14:02:00,1290,576C-10,TERM. STO. AMARO - METRÔ JABAQUARA,64724,-46.6322935,-23.638162,2025-10-16 14:02:02-03:00,POINT (333501.3935476675 7384881.90024025),,,,
14:02:00,609,875A-10,PERDIZES - AEROPORTO,64725,-46.677424625,-23.535499125,2025-10-16 14:02:27-03:00,POINT (328763.78106332786 7396197.497919243),,,,
14:02:00,33043,675P-10,METRÔ CONCEIÇÃO - SHOP. SP MARKET,64726,-46.632395,-23.638283,2025-10-16 14:02:39-03:00,POINT (333491.1914559527 7384868.3824473675),,,,
14:02:00,1290,576C-10,TERM. STO. AMARO - METRÔ JABAQUARA,64727,-46.644996,-23.6460055,2025-10-16 14:02:11-03:00,POINT (332215.4632629695 7383998.446417762),,,,
14:02:00,1283,5164-10,PQ. IBIRAPUERA - VL. STA. CATARINA,64728,-46.660615875,-23.650207375,2025-10-16 14:02:43-03:00,POINT (330627.39192789595 7383514.686289549),,,,
14:02:00,34058,576C-10,TERM. STO. AMARO - METRÔ JABAQUARA,64729,-46.6747635,-23.657979,2025-10-16 14:02:41-03:00,POINT (329194.237802055 7382637.190345607),,,,
14:02:00,34058,576C-10,TERM. STO. AMARO - METRÔ JABAQUARA,64730,-46.6523095,-23.66002,2025-10-16 14:02:34-03:00,POINT (331487.328861865 7382437.862389434),,,,
14:02:00,609,875A-10,PERDIZES - AEROPORTO,64731,-46.661422375,-23.617138,2025-10-16 14:02:02-03:00,POINT (330502.5351934034 7387175.847247675),,,,
14:02:00,33043,675P-10,METRÔ CONCEIÇÃO - SHOP. SP MARKET,64733,-46.704194,-23.659588,2025-10-16 14:02:21-03:00,POINT (326194.2085981684 7382423.472526657),,,,
14:02:00,33377,875A-10,PERDIZES - AEROPORTO,64734,-46.648037,-23.541013,2025-10-16 14:02:35-03:00,POINT (331771.34089276544 7395621.6794316545),,,,
14:02:00,602,574A-10,LGO. CAMBUCI - AMERICANÓPOLIS,64735,-46.642662,-23.6683785,2025-10-16 14:02:23-03:00,POINT (332482.07918208896 7381523.599729182),,,,
14:02:00,33370,574A-10,LGO. CAMBUCI - AMERICANÓPOLIS,64736,-46.6347955,-23.5875825,2025-10-16 14:02:14-03:00,POINT (333182.10293466673 7390480.113921569),,,,
14:02:00,34058,576C-10,TERM. STO. AMARO - METRÔ JABAQUARA,64737,-46.6322935,-23.638162,2025-10-16 14:02:34-03:00,POINT (333501.3935476675 7384881.90024025),,,,
14:02:00,602,574A-10,LGO. CAMBUCI - AMERICANÓPOLIS,64738,-46.639234,-23.6189175,2025-10-16 14:02:17-03:00,POINT (332768.866476156 7387004.919843528),,,,
14:02:00,1290,576C-10,TERM. STO. AMARO - METRÔ JABAQUARA,64739,-46.64515875,-23.64649975,2025-10-16 14:02:07-03:00,POINT (332199.49066580436 7383943.52191286),,,,
14:02:00,34051,5164-10,PQ. IBIRAPUERA - VL. STA. CATARINA,64740,-46.65092725,-23.5958135,2025-10-16 14:02:19-03:00,POINT (331546.18985986954 7389549.721170589),,,,
14:02:00,609,875A-10,PERDIZES - AEROPORTO,64741,-46.6629385,-23.53359425,2025-10-16 14:02:05-03:00,POINT (330240.40606598346 7396425.663881632),,,,
14:02:00,1283,5164-10,PQ. IBIRAPUERA - VL. STA. CATARINA,64742,-46.6411415,-23.635131,2025-10-16 14:02:37-03:00,POINT (332594.84831658844 7385207.210253416),,,,
14:02:00,33370,574A-10,LGO. CAMBUCI - AMERICANÓPOLIS,64743,-46.6413445,-23.6390905,2025-10-16 14:02:29-03:00,POINT (332579.1749667029 7384768.498308685),,,,
14:02:00,34058,576C-10,TERM. STO. AMARO - METRÔ JABAQUARA,64745,-46.695184,-23.660634,2025-10-16 14:02:30-03:00,POINT (327114.67161027354 7382318.580974277),,,,
14:02:00,34051,5164-10,PQ. IBIRAPUERA - VL. STA. CATARINA,64746,-46.63914925,-23.61787825,2025-10-16 14:02:26-03:00,POINT (332776.1946421672 7387120.104935082),,,,
14:02:00,1283,5164-10,PQ. IBIRAPUERA - VL. STA. CATARINA,64747,-46.662103,-23.6431185,2025-10-16 14:02:10-03:00,POINT (330466.54854842497 7384297.947871486),,,,
14:02:00,609,875A-10,PERDIZES - AEROPORTO,64748,-46.6365955,-23.6000025,2025-10-16 14:02:06-03:00,POINT (333014.12171702436 7389102.636321047),,,,
14:02:00,609,875A-10,PERDIZES - AEROPORTO,64749,-46.660008,-23.5582135,2025-10-16 14:02:32-03:00,POINT (330571.1845969814 7393702.811649255),,,,
14:02:00,33910,6030-10,TERM. STO. AMARO - UNISA-CAMPUS 1,66007,-46.7088475,-23.7399535,2025-10-16 14:02:29-03:00,POINT (325826.2400811348 7373517.866852788),,,,
14:02:00,32860,6031-10,EST. MENDES/VL. NATAL - TERM. GRAJAÚ,66040,-46.7011755,-23.756122,2025-10-16 14:02:03-03:00,POINT (326629.77926986804 7371736.68338222),,,,
14:02:00,35363,606C-10,CANTINHO DO CÉU - CIRCULAR,66111,-46.656983,-23.7405365,2025-10-16 14:02:28-03:00,POINT (331114.2840501755 7373515.844540606),,,,
14:02:00,35363,606C-10,CANTINHO DO CÉU - CIRCULAR,66112,-46.6583285,-23.742633,2025-10-16 14:02:30-03:00,POINT (330979.82598596904 7373282.076334021),,,,
14:02:00,1733,6083-10,TERM. GRAJAÚ - JD. ELIANA,66124,-46.667077250000006,-23.754600250000003,2025-10-16 14:02:10-03:00,POINT (330103.4986398788 7371946.373278807),,,,
14:02:00,33993,6050-10,TERM. GRAJAÚ - PQ. COCAIA,66140,-46.6946185,-23.73608675,2025-10-16 14:02:18-03:00,POINT (327271.71564465127 7373963.432704652),,,,
14:02:00,1225,6050-10,TERM. GRAJAÚ - PQ. COCAIA,66143,-46.688211,-23.7507,2025-10-16 14:02:05-03:00,POINT (327944.1501404015 7372352.8830317985),,,,
14:02:00,33919,6062-10,JD. CASTRO ALVES - TERM. GRAJAÚ,66145,-46.695484750000006,-23.73505825,2025-10-16 14:02:02-03:00,POINT (327182.04630322807 7374076.28003031),,,,
14:02:00,32945,6021-10,JD. NOVA ERA - TERM. VARGINHA,66146,-46.723071,-23.776175,2025-10-16 14:02:32-03:00,POINT (324424.8332338033 7369489.046945361),,,,
14:02:00,177,6021-10,JD. NOVA ERA - TERM. VARGINHA,66174,-46.7430335,-23.794942,2025-10-16 14:02:09-03:00,POINT (322415.8057279689 7367385.86524084),,,,
14:02:00,1189,6120-10,TERM. GRAJAÚ - JD. LUCÉLIA,66407,-46.66747,-23.7566065,2025-10-16 14:02:29-03:00,POINT (330066.07017842296 7371723.72714445),,,,
14:02:00,1142,6030-10,TERM. STO. AMARO - UNISA-CAMPUS 1,66503,-46.701288375,-23.702216375,2025-10-16 14:02:42-03:00,POINT (326546.9211665508 7377706.2301813895),,,,
14:02:00,33910,6030-10,TERM. STO. AMARO - UNISA-CAMPUS 1,66511,-46.693752,-23.68238275,2025-10-16 14:02:24-03:00,POINT (327289.3392208257 7379911.810529927),,,,
14:02:00,32863,6034-10,TERM. GRAJAÚ - PQ. RES. COCAIA,66614,-46.6691325,-23.7476565,2025-10-16 14:02:26-03:00,POINT (329884.97699183633 7372712.882510917),,,,
14:02:00,1142,6030-10,TERM. STO. AMARO - UNISA-CAMPUS 1,66648,-46.713502000000005,-23.7271695,2025-10-16 14:02:04-03:00,POINT (325334.68923469895 7374927.908576064),,,,
14:02:00,1151,6062-10,JD. CASTRO ALVES - TERM. GRAJAÚ,66753,-46.697469,-23.737047,2025-10-16 14:02:06-03:00,POINT (326982.38195093337 7373853.627890515),,,,
14:02:00,1142,6030-10,TERM. STO. AMARO - UNISA-CAMPUS 1,66778,-46.71154075,-23.653890625,2025-10-16 14:02:32-03:00,POINT (325437.2181269672 7383045.448005375),,,,
14:02:00,33910,6030-10,TERM. STO. AMARO - UNISA-CAMPUS 1,66779,-46.709109,-23.7401115,2025-10-16 14:02:12-03:00,POINT (325799.7915843817 7373500.049132083),,,,
14:02:00,33910,6030-10,TERM. STO. AMARO - UNISA-CAMPUS 1,66784,-46.708802250000005,-23.73943025,2025-10-16 14:02:22-03:00,POINT (325830.15714732977 7373575.868892703),,,,
14:02:00,92,6031-10,EST. MENDES/VL. NATAL - TERM. GRAJAÚ,66805,-46.6978045,-23.7379375,2025-10-16 14:02:12-03:00,POINT (326949.355379002 7373754.60298173),,,,
14:02:00,32860,6031-10,EST. MENDES/VL. NATAL - TERM. GRAJAÚ,66812,-46.69784775,-23.73824725,2025-10-16 14:02:34-03:00,POINT (326945.35551312787 7373720.247651875),,,,
14:02:00,1142,6030-10,TERM. STO. AMARO - UNISA-CAMPUS 1,66832,-46.70584775,-23.6650515,2025-10-16 14:02:31-03:00,POINT (326032.7453277097 7381816.415362993),,,,
14:02:00,1142,6030-10,TERM. STO. AMARO - UNISA-CAMPUS 1,66834,-46.708968,-23.738727,2025-10-16 14:02:33-03:00,POINT (325812.32421517774 7373653.5464384025),,,,
14:02:00,1151,6062-10,JD. CASTRO ALVES - TERM. GRAJAÚ,66887,-46.682361,-23.743216,2025-10-16 14:02:25-03:00,POINT (328530.6731523798 7373188.748323722),,,,
14:02:00,33910,6030-10,TERM. STO. AMARO - UNISA-CAMPUS 1,66897,-46.71239975,-23.66065525,2025-10-16 14:02:22-03:00,POINT (325358.5763084373 7382295.263982181),,,,
14:02:00,33910,6030-10,TERM. STO. AMARO - UNISA-CAMPUS 1,66909,-46.70712425,-23.731601,2025-10-16 14:02:37-03:00,POINT (325990.82048020535 7374444.961480845),,,,
14:02:00,33910,6030-10,TERM. STO. AMARO - UNISA-CAMPUS 1,66910,-46.708802250000005,-23.73943025,2025-10-16 14:02:21-03:00,POINT (325830.15714732977 7373575.868892703),,,,
14:02:00,92,6031-10,EST. MENDES/VL. NATAL - TERM. GRAJAÚ,66925,-46.709073,-23.754704,2025-10-16 14:02:02-03:00,POINT (325822.8796363616 7371884.0643264),,,,
14:02:00,177,6021-10,JD. NOVA ERA - TERM. VARGINHA,66980,-46.716344500000005,-23.7668205,2025-10-16 14:02:01-03:00,POINT (325097.86778080853 7370533.303639728),,,,
14:02:00,63,6455-10,LGO. SÃO FRANCISCO - TERM. CAPELINHA,71029,-46.76161,-23.654844500000003,2025-10-16 14:02:41-03:00,POINT (320330.79551711906 7382877.68073222),,,,
14:02:00,32836,675I-10,METRÔ SÃO JUDAS - TERM. JOÃO DIAS,71030,-46.71490025,-23.645047750000003,2025-10-16 14:02:02-03:00,POINT (325082.7463171416 7384020.619676802),,,,
14:02:00,68,675I-10,METRÔ SÃO JUDAS - TERM. JOÃO DIAS,71032,-46.649355875,-23.616033875000003,2025-10-16 14:02:20-03:00,POINT (331732.37627834146 7387312.373323714),,,,
14:02:00,63,6455-10,LGO. SÃO FRANCISCO - TERM. CAPELINHA,71033,-46.634716,-23.552186,2025-10-16 14:02:36-03:00,POINT (333145.4851723381 7394399.966048749),,,,
14:02:00,52,6001-10,TERM. STO. AMARO - TERM. CAPELINHA,71034,-46.762589000000006,-23.6540245,2025-10-16 14:02:39-03:00,POINT (320229.8031523477 7382967.25865642),,,,
14:02:00,32814,6500-10,TERM. BANDEIRA - TERM. STO. AMARO,71036,-46.653584,-23.558258,2025-10-16 14:02:42-03:00,POINT (331227.03239363444 7393705.465125867),,,,
14:02:00,32816,5111-10,TERM. PQ. D. PEDRO II - TERM. STO. AMARO,71037,-46.686779625,-23.625450375,2025-10-16 14:02:16-03:00,POINT (327925.9561591336 7386225.027776783),,,,
14:02:00,59,6450-10,TERM. BANDEIRA - TERM. CAPELINHA,71038,-46.66202125,-23.57027475,2025-10-16 14:02:06-03:00,POINT (330381.1561819288 7392364.771825604),,,,
14:02:00,46,6500-10,TERM. BANDEIRA - TERM. STO. AMARO,71039,-46.7121185,-23.654395,2025-10-16 14:02:05-03:00,POINT (325378.9503710426 7382988.885455426),,,,
14:02:00,32814,6500-10,TERM. BANDEIRA - TERM. STO. AMARO,71040,-46.706578750000006,-23.65023975,2025-10-16 14:02:08-03:00,POINT (325938.5701364981 7383455.814520892),,,,
14:02:00,1450,6505-10,TERM. BANDEIRA - TERM. GUARAPIRANGA,71043,-46.7083385,-23.6640785,2025-10-16 14:02:18-03:00,POINT (325777.39021401014 7381921.128685921),,,,
14:02:00,32787,6820-10,TERM. CAPELINHA - JD. DAS ROSAS,72001,-46.762288,-23.6539115,2025-10-16 14:02:32-03:00,POINT (320260.3549142501 7382980.151889415),,,,
14:02:00,5,6801-10,TERM. JOÃO DIAS - JD. IBIRAPUERA,72002,-46.73245,-23.6492395,2025-10-16 14:02:42-03:00,POINT (323297.95911561046 7383534.80168736),,,,
14:02:00,32773,6801-10,TERM. JOÃO DIAS - JD. IBIRAPUERA,72003,-46.73149725,-23.656381125,2025-10-16 14:02:05-03:00,POINT (323404.74735070963 7382745.092406582),,,,
14:02:00,19,6820-10,TERM. CAPELINHA - JD. DAS ROSAS,72004,-46.773087,-23.659925625,2025-10-16 14:01:59-03:00,POINT (319166.974842406 7382300.475670674),,,,
14:02:00,30,6804-10,TERM. JOÃO DIAS - JD. INGÁ,72005,-46.75117325,-23.633143,2025-10-16 14:02:04-03:00,POINT (321366.01372891886 7385294.093764842),,,,
14:02:00,12,6835-10,TERM. CAPELINHA - VALO VELHO,72006,-46.7699425,-23.66394475,2025-10-16 14:02:36-03:00,POINT (319493.2648675387 7381859.35855188),,,,
14:02:00,32798,6804-10,TERM. JOÃO DIAS - JD. INGÁ,72007,-46.73414,-23.6438525,2025-10-16 14:02:41-03:00,POINT (323118.3063822094 7384129.283980075),,,,
14:02:00,32787,6820-10,TERM. CAPELINHA - JD. DAS ROSAS,72008,-46.762288,-23.6539115,2025-10-16 14:02:31-03:00,POINT (320260.3549142501 7382980.151889415),,,,
14:02:00,32787,6820-10,TERM. CAPELINHA - JD. DAS ROSAS,72009,-46.7770965,-23.6603565,2025-10-16 14:02:14-03:00,POINT (318758.55997011333 7382247.671398742),,,,
14:02:00,32787,6820-10,TERM. CAPELINHA - JD. DAS ROSAS,72010,-46.783842,-23.667013,2025-10-16 14:02:01-03:00,POINT (318079.66745566356 7381501.908455748),,,,
14:02:00,30,6804-10,TERM. JOÃO DIAS - JD. INGÁ,72011,-46.7480205,-23.6362425,2025-10-16 14:02:40-03:00,POINT (321691.88789131586 7384954.782066304),,,,
14:02:00,34657,7060-10,TERM. CAMPO LIMPO - VALO VELHO,72012,-46.772093,-23.6315095,2025-10-16 14:02:36-03:00,POINT (319229.32236019033 7385448.678795599),,,,
14:02:00,32787,6820-10,TERM. CAPELINHA - JD. DAS ROSAS,72015,-46.761801000000006,-23.6542495,2025-10-16 14:02:27-03:00,POINT (320310.4977539915 7382943.333374465),,,,
14:02:00,2125,5119-23,INSTITUTO LUCY MONTORO - TERM. JOÃO DIAS,72016,-46.736148,-23.641005,2025-10-16 14:02:33-03:00,POINT (322909.61512159545 7384442.137260085),,,,
14:02:00,32787,6820-10,TERM. CAPELINHA - JD. DAS ROSAS,72018,-46.793166,-23.6643575,2025-10-16 14:02:34-03:00,POINT (317124.87736664375 7381784.073215417),,,,
14:02:00,34657,7060-10,TERM. CAMPO LIMPO - VALO VELHO,72020,-46.7870015,-23.67167,2025-10-16 14:02:04-03:00,POINT (317763.84289389546 7380982.13198258),,,,
14:02:00,19,6820-10,TERM. CAPELINHA - JD. DAS ROSAS,72021,-46.79199225,-23.66458425,2025-10-16 14:02:18-03:00,POINT (317244.9236606504 7381760.465586709),,,,
14:02:00,32787,6820-10,TERM. CAPELINHA - JD. DAS ROSAS,72022,-46.7885955,-23.6601465,2025-10-16 14:02:41-03:00,POINT (317585.2562580665 7382256.275238085),,,,
14:02:00,32780,6835-10,TERM. CAPELINHA - VALO VELHO,72023,-46.772805000000005,-23.667064,2025-10-16 14:02:32-03:00,POINT (319205.56232772465 7381510.291811816),,,,
14:02:00,32780,6835-10,TERM. CAPELINHA - VALO VELHO,72025,-46.789238,-23.683073,2025-10-16 14:02:42-03:00,POINT (317551.559069991 7379716.434672002),,,,
14:02:00,12,6835-10,TERM. CAPELINHA - VALO VELHO,72026,-46.789263000000005,-23.6833385,2025-10-16 14:02:18-03:00,POINT (317549.37820704666 7379686.999564016),,,,
14:02:00,32798,6804-10,TERM. JOÃO DIAS - JD. INGÁ,72027,-46.7484015,-23.640164,2025-10-16 14:02:15-03:00,POINT (321658.33077401627 7384520.02400884),,,,
14:02:00,32801,6813-10,TERM. CAPELINHA - JD. LÍDIA,72028,-46.762141,-23.655376,2025-10-16 14:02:33-03:00,POINT (320277.3529546951 7382818.151366824),,,,
14:02:00,19,6820-10,TERM. CAPELINHA - JD. DAS ROSAS,72046,-46.7897635,-23.6580015,2025-10-16 14:02:20-03:00,POINT (317463.1294347968 7382492.331563929),,,,
14:02:00,32793,6815-10,TERM. CAPELINHA - JD. COMERCIAL,72047,-46.77918150000001,-23.6719495,2025-10-16 14:02:31-03:00,POINT (318561.87795504974 7380961.1483505955),,,,
14:02:00,25,6815-10,TERM. CAPELINHA - JD. COMERCIAL,72048,-46.783188,-23.6736135,2025-10-16 14:02:15-03:00,POINT (318155.51503640367 7380771.764839727),,,,
14:02:00,25,6815-10,TERM. CAPELINHA - JD. COMERCIAL,72049,-46.763464,-23.6553155,2025-10-16 14:01:58-03:00,POINT (320142.30691931414 7382823.184816002),,,,
14:02:00,1889,7060-10,TERM. CAMPO LIMPO - VALO VELHO,72051,-46.789157,-23.675971,2025-10-16 14:02:29-03:00,POINT (317549.95325924014 7380503.0574017055),,,,
14:02:00,1889,7060-10,TERM. CAMPO LIMPO - VALO VELHO,72052,-46.7778225,-23.6530735,2025-10-16 14:02:12-03:00,POINT (318674.4555662995 7383053.307668606),,,,
14:02:00,32795,6817-10,TERM. CAPELINHA - JD. SÃO BENTO,72053,-46.762141,-23.655376,2025-10-16 14:02:41-03:00,POINT (320277.3529546951 7382818.151366824),,,,
14:02:00,12,6835-10,TERM. CAPELINHA - VALO VELHO,72105,-46.800591,-23.6879515,2025-10-16 14:02:40-03:00,POINT (316400.45851175935 7379161.5814952385),,,,
14:02:00,32795,6817-10,TERM. CAPELINHA - JD. SÃO BENTO,72106,-46.7738415,-23.674898,2025-10-16 14:02:42-03:00,POINT (319110.6220446396 7380641.398354455),,,,
14:02:00,32780,6835-10,TERM. CAPELINHA - VALO VELHO,72107,-46.800591,-23.6879515,2025-10-16 14:02:21-03:00,POINT (316400.45851175935 7379161.5814952385),,,,
14:02:00,1478,675L-10,METRÔ STA. CRUZ - TERM. STO. AMARO,73500,-46.7107365,-23.653993,2025-10-16 14:02:39-03:00,POINT (325519.397375177 7383035.094080539),,,,
14:02:00,1478,675L-10,METRÔ STA. CRUZ - TERM. STO. AMARO,73501,-46.637211,-23.598607,2025-10-16 14:02:31-03:00,POINT (332949.54072550754 7389256.4540984575),,,,
14:02:00,1989,7021-10,TERM. JOÃO DIAS - JD. MARACÁ,73502,-46.73873575,-23.6696945,2025-10-16 14:02:07-03:00,POINT (322684.30221018736 7381261.742255831),,,,
14:02:00,1478,675L-10,METRÔ STA. CRUZ - TERM. STO. AMARO,73503,-46.705526625,-23.65206275,2025-10-16 14:02:07-03:00,POINT (326048.3141437569 7383255.213565465),,,,
14:02:00,34246,675L-10,METRÔ STA. CRUZ - TERM. STO. AMARO,73504,-46.6702855,-23.612098,2025-10-16 14:02:41-03:00,POINT (329591.62938859116 7387723.442387103),,,,
14:02:00,8,695V-10,METRÔ ANA ROSA - TERM. CAPELINHA,75002,-46.745576,-23.6448945,2025-10-16 14:02:31-03:00,POINT (321953.002947121 7383999.675694541),,,,
14:02:00,47,637P-10,TERM. PINHEIROS - TERM. STO. AMARO,76200,-46.685713500000006,-23.6241775,2025-10-16 14:02:12-03:00,POINT (328033.07413651486 7386367.270978307),,,,
14:02:00,33130,675N-10,METRÔ ANA ROSA - TERM. STO. AMARO,76202,-46.7017635,-23.62563,2025-10-16 14:02:12-03:00,POINT (326397.3317889065 7386187.01247227),,,,
14:02:00,47,637P-10,TERM. PINHEIROS - TERM. STO. AMARO,76203,-46.711351,-23.6541465,2025-10-16 14:02:15-03:00,POINT (325456.9146395754 7383017.3437724635),,,,
14:02:00,1211,6028-10,TERM. STO. AMARO - RIVIERA,78784,-46.7558565,-23.6989535,2025-10-16 14:02:33-03:00,POINT (320977.86381534615 7378000.071672711),,,,
14:02:00,1232,6258-10,TERM. STO. AMARO - JD. SÃO FRANCISCO,78848,-46.71154075,-23.653890625,2025-10-16 14:02:25-03:00,POINT (325437.2181269672 7383045.448005375),,,,
14:02:00,1232,6258-10,TERM. STO. AMARO - JD. SÃO FRANCISCO,78861,-46.7413725,-23.685993,2025-10-16 14:02:41-03:00,POINT (322437.3882437069 7379453.498158273),,,,
14:02:00,33968,6008-10,EST. STO. AMARO/GUIDO CALOI - JD. PLANALTO,78862,-46.7444855,-23.685177,2025-10-16 14:02:16-03:00,POINT (322118.79235107696 7379539.984522654),,,,
14:02:00,1211,6028-10,TERM. STO. AMARO - RIVIERA,78890,-46.757687,-23.68809925,2025-10-16 14:02:33-03:00,POINT (320776.368251155 7379199.82472378),,,,
14:02:00,1200,6008-10,EST. STO. AMARO/GUIDO CALOI - JD. PLANALTO,78959,-46.7396935,-23.685785,2025-10-16 14:02:29-03:00,POINT (322608.34575739194 7379478.623330534),,,,
14:02:00,1892,857R-10,ACLIMAÇÃO - TERM. CAMPO LIMPO,80233,-46.6627705,-23.556052,2025-10-16 14:02:31-03:00,POINT (330286.398608384 7393938.905870611),,,,
14:02:00,1892,857R-10,ACLIMAÇÃO - TERM. CAMPO LIMPO,80234,-46.640931,-23.577517,2025-10-16 14:02:06-03:00,POINT (332543.13195457135 7391587.592632846),,,,
14:02:00,2245,809H-10,LAPA - JD. BOA VISTA,80235,-46.794031,-23.580671,2025-10-16 14:02:29-03:00,POINT (316920.3189743323 7391050.876214739),,,,
14:02:00,34660,857R-10,ACLIMAÇÃO - TERM. CAMPO LIMPO,80292,-46.74842225,-23.606322,2025-10-16 14:02:21-03:00,POINT (321610.3702953701 7388267.788119184),,,,
14:02:00,35013,809H-10,LAPA - JD. BOA VISTA,80298,-46.793718,-23.5806105,2025-10-16 14:02:33-03:00,POINT (316952.1836259632 7391057.976574574),,,,
14:02:00,34660,857R-10,ACLIMAÇÃO - TERM. CAMPO LIMPO,80302,-46.674863,-23.5621635,2025-10-16 14:02:30-03:00,POINT (329059.8259723662 7393247.744507157),,,,
14:02:00,1892,857R-10,ACLIMAÇÃO - TERM. CAMPO LIMPO,80304,-46.7352845,-23.5936625,2025-10-16 14:02:30-03:00,POINT (322934.0780168013 7389686.065225726),,,,
14:02:00,478,875C-10,METRÔ STA. CRUZ - TERM. LAPA,80306,-46.656294625,-23.6037975,2025-10-16 14:02:09-03:00,POINT (331008.65604200715 7388659.2444840595),,,,
14:02:00,1371,6262-10,TERM. BANDEIRA - CEASA,81073,-46.73947675,-23.526647,2025-10-16 14:02:39-03:00,POINT (322416.12881898 7397102.3398311995),,,,
14:02:00,34645,8700-10,PÇA. RAMOS DE AZEVEDO - TERM. CAMPO LIMPO,81075,-46.773642,-23.6310265,2025-10-16 14:02:30-03:00,POINT (319070.6109034184 7385500.207620012),,,,
14:02:00,34812,8075-10,METRÔ BUTANTÃ - TERM. CAMPO LIMPO,81085,-46.773034,-23.6312955,2025-10-16 14:02:24-03:00,POINT (319133.016223171 7385471.187143044),,,,
14:02:00,2044,8075-10,METRÔ BUTANTÃ - TERM. CAMPO LIMPO,81088,-46.709695,-23.5724335,2025-10-16 14:02:35-03:00,POINT (325517.6534729273 7392068.435244399),,,,
14:02:00,34840,8705-10,ANHANGABAÚ - SHOP. CONTINENTAL,81093,-46.7603035,-23.547498500000003,2025-10-16 14:02:07-03:00,POINT (320317.80157325015 7394767.244520942),,,,
14:02:00,2072,8705-10,ANHANGABAÚ - SHOP. CONTINENTAL,81108,-46.74066549999999,-23.57028475,2025-10-16 14:02:27-03:00,POINT (322353.4176149289 7392268.315516622),,,,
14:02:00,2512,909T-1,TERM. PQ. D. PEDRO II - TERM. PINHEIROS,81116,-46.6348405,-23.551568,2025-10-16 14:02:42-03:00,POINT (333131.9946854542 7394468.257424368),,,,
14:02:00,2537,8075-21,TERM. VL. SÔNIA - TERM. CAMPO LIMPO,81119,-46.73579,-23.59181125,2025-10-16 14:02:21-03:00,POINT (322880.0001468479 7389890.452245546),,,,
14:02:00,485,702C-10,METRÔ BELÉM - JD. BONFIGLIOLI,81139,-46.7484685,-23.571778,2025-10-16 14:02:06-03:00,POINT (321558.9188365195 7392093.24735229),,,,
14:02:00,33253,702C-10,METRÔ BELÉM - JD. BONFIGLIOLI,81165,-46.7208055,-23.5769395,2025-10-16 14:02:20-03:00,POINT (324389.53814729163 7391555.85007496),,,,
14:02:00,2537,8075-21,TERM. VL. SÔNIA - TERM. CAMPO LIMPO,81190,-46.751772,-23.6092245,2025-10-16 14:02:39-03:00,POINT (321272.46307392407 7387942.171904352),,,,
14:02:00,2044,8075-10,METRÔ BUTANTÃ - TERM. CAMPO LIMPO,81191,-46.772597000000005,-23.631004,2025-10-16 14:02:16-03:00,POINT (319177.203792554 7385504.022461081),,,,
14:02:00,485,702C-10,METRÔ BELÉM - JD. BONFIGLIOLI,81192,-46.61304925,-23.54073725,2025-10-16 14:02:10-03:00,POINT (335343.13823487447 7395692.828843484),,,,
14:02:00,1877,8700-10,PÇA. RAMOS DE AZEVEDO - TERM. CAMPO LIMPO,81193,-46.640241,-23.5474995,2025-10-16 14:02:41-03:00,POINT (332575.5084739962 7394912.499297936),,,,
14:02:00,2064,8707-10,TERM. PRINC. ISABEL - RIO PEQUENO,81194,-46.67929375,-23.5650735,2025-10-16 14:02:30-03:00,POINT (328611.3022488848 7392920.196626833),,,,
14:02:00,34645,8700-10,PÇA. RAMOS DE AZEVEDO - TERM. CAMPO LIMPO,81195,-46.650409125,-23.548283500000004,2025-10-16 14:02:37-03:00,POINT (331538.4195950212 7394813.767251156),,,,
14:02:00,34645,8700-10,PÇA. RAMOS DE AZEVEDO - TERM. CAMPO LIMPO,81198,-46.773642,-23.6310265,2025-10-16 14:02:17-03:00,POINT (319070.6109034184 7385500.207620012),,,,
14:02:00,35280,909T-1,TERM. PQ. D. PEDRO II - TERM. PINHEIROS,81199,-46.7019785,-23.5660365,2025-10-16 14:02:07-03:00,POINT (326296.9004066426 7392786.227645676),,,,
14:02:00,34812,8075-10,METRÔ BUTANTÃ - TERM. CAMPO LIMPO,81201,-46.763113,-23.622894,2025-10-16 14:02:43-03:00,POINT (320133.796696601 7386414.131550686),,,,
14:02:00,34645,8700-10,PÇA. RAMOS DE AZEVEDO - TERM. CAMPO LIMPO,81202,-46.7556145,-23.6142575,2025-10-16 14:02:35-03:00,POINT (320887.1844006587 7387379.989630483),,,,
14:02:00,33253,702C-10,METRÔ BELÉM - JD. BONFIGLIOLI,81203,-46.674863,-23.5621635,2025-10-16 14:02:38-03:00,POINT (329059.8259723662 7393247.744507157),,,,
14:02:00,35305,8075-21,TERM. VL. SÔNIA - TERM. CAMPO LIMPO,81204,-46.773034,-23.6312955,2025-10-16 14:02:28-03:00,POINT (319133.016223171 7385471.187143044),,,,
14:02:00,35305,8075-21,TERM. VL. SÔNIA - TERM. CAMPO LIMPO,81205,-46.747132500000006,-23.605794,2025-10-16 14:02:12-03:00,POINT (321741.2757764712 7388327.868984003),,,,
14:02:00,34645,8700-10,PÇA. RAMOS DE AZEVEDO - TERM. CAMPO LIMPO,81207,-46.69372175,-23.57125325,2025-10-16 14:02:34-03:00,POINT (327146.5793406452 7392218.508803438),,,,
14:02:00,1877,8700-10,PÇA. RAMOS DE AZEVEDO - TERM. CAMPO LIMPO,81211,-46.649981625,-23.548316375,2025-10-16 14:02:34-03:00,POINT (331582.1058070553 7394810.629055),,,,
14:02:00,485,702C-10,METRÔ BELÉM - JD. BONFIGLIOLI,81212,-46.714926000000006,-23.5778855,2025-10-16 14:02:27-03:00,POINT (324990.92635634064 7391458.287527758),,,,
14:02:00,35280,909T-1,TERM. PQ. D. PEDRO II - TERM. PINHEIROS,81214,-46.642054,-23.54378,2025-10-16 14:01:59-03:00,POINT (332385.6982459179 7395322.272771942),,,,
14:02:00,34840,8705-10,ANHANGABAÚ - SHOP. CONTINENTAL,81221,-46.674863,-23.5621635,2025-10-16 14:02:25-03:00,POINT (329059.8259723662 7393247.744507157),,,,
14:02:00,34645,8700-10,PÇA. RAMOS DE AZEVEDO - TERM. CAMPO LIMPO,81222,-46.7250975,-23.5868335,2025-10-16 14:02:32-03:00,POINT (323964.64520572254 7390454.8949882435),,,,
14:02:00,485,702C-10,METRÔ BELÉM - JD. BONFIGLIOLI,81231,-46.7484685,-23.571778,2025-10-16 14:02:05-03:00,POINT (321558.9188365195 7392093.24735229),,,,
14:02:00,2621,8086-10,PINHEIROS - JAGUARÉ,82784,-46.69773,-23.565369,2025-10-16 14:02:08-03:00,POINT (326729.7113550254 7392865.292946433),,,,
14:02:00,33538,6412-10,PAULISTA - PARAISÓPOLIS,85795,-46.6440485,-23.5686175,2025-10-16 14:02:41-03:00,POINT (332213.61932458077 7392569.464834265),,,,
14:02:00,33538,6412-10,PAULISTA - PARAISÓPOLIS,85796,-46.721341,-23.615108,2025-10-16 14:02:26-03:00,POINT (324385.7254085556 7387328.325116639),,,,
14:02:00,1949,809L-10,LAPA - CAMPO LIMPO,85797,-46.72546199999999,-23.5825765,2025-10-16 14:02:01-03:00,POINT (323921.7605053401 7390925.876706831),,,,
14:02:00,1949,809L-10,LAPA - CAMPO LIMPO,85798,-46.7722555,-23.6323625,2025-10-16 14:02:37-03:00,POINT (319213.91385128134 7385354.007819211),,,,
14:02:00,1949,809L-10,LAPA - CAMPO LIMPO,85799,-46.7474585,-23.606103500000003,2025-10-16 14:02:11-03:00,POINT (321708.4259042905 7388293.187473793),,,,
14:02:00,34717,809L-10,LAPA - CAMPO LIMPO,85800,-46.699185,-23.5239105,2025-10-16 14:02:01-03:00,POINT (326526.7784508483 7397454.678488031),,,,
14:02:00,34717,809L-10,LAPA - CAMPO LIMPO,85801,-46.772482,-23.631868500000003,2025-10-16 14:02:17-03:00,POINT (319190.12511664536 7385408.429107131),,,,
14:02:00,1949,809L-10,LAPA - CAMPO LIMPO,85804,-46.773494,-23.631561,2025-10-16 14:02:29-03:00,POINT (319086.44637669035 7385441.201916777),,,,
14:02:00,34717,809L-10,LAPA - CAMPO LIMPO,85805,-46.772482,-23.631868500000003,2025-10-16 14:02:39-03:00,POINT (319190.12511664536 7385408.429107131),,,,
14:02:00,34717,809L-10,LAPA - CAMPO LIMPO,85806,-46.7067435,-23.55116,2025-10-16 14:02:36-03:00,POINT (325790.8680986247 7394427.883285765),,,,
14:02:00,34717,809L-10,LAPA - CAMPO LIMPO,85807,-46.7030435,-23.525028,2025-10-16 14:02:16-03:00,POINT (326134.2455283683 7397326.255392667),,,,
14:02:00,34717,809L-10,LAPA - CAMPO LIMPO,85808,-46.709654,-23.55490175,2025-10-16 14:02:02-03:00,POINT (325498.67210606975 7394009.976298907),,,,
14:02:00,34717,809L-10,LAPA - CAMPO LIMPO,85809,-46.751127,-23.607095,2025-10-16 14:02:07-03:00,POINT (321335.39690651983 7388178.806617369),,,,
14:02:00,33558,746R-10,STO. AMARO - REAL PQ.,85810,-46.70387675,-23.609656,2025-10-16 14:02:12-03:00,POINT (326160.62637672 7387953.434721632),,,,
14:02:00,1949,809L-10,LAPA - CAMPO LIMPO,85811,-46.7079415,-23.550290625,2025-10-16 14:02:14-03:00,POINT (325667.4150960873 7394522.702225557),,,,
14:02:00,1949,809L-10,LAPA - CAMPO LIMPO,85812,-46.7021685,-23.52543325,2025-10-16 14:02:20-03:00,POINT (326224.12569293793 7397282.437834793),,,,
14:02:00,34717,809L-10,LAPA - CAMPO LIMPO,85813,-46.733563,-23.5890605,2025-10-16 14:02:11-03:00,POINT (323103.60100712755 7390197.832726147),,,,
14:02:00,34826,807J-10,SHOP. MORUMBI - TERM. CAMPO LIMPO,85815,-46.7440605,-23.611426,2025-10-16 14:02:26-03:00,POINT (322062.3818761055 7387707.988144623),,,,
14:02:00,2058,807J-10,SHOP. MORUMBI - TERM. CAMPO LIMPO,85816,-46.77286,-23.6313825,2025-10-16 14:02:12-03:00,POINT (319150.889354767 7385461.772624455),,,,
14:02:00,2058,807J-10,SHOP. MORUMBI - TERM. CAMPO LIMPO,85818,-46.74924175,-23.609321,2025-10-16 14:02:14-03:00,POINT (321530.8017718062 7387934.645580752),,,,
14:02:00,34826,807J-10,SHOP. MORUMBI - TERM. CAMPO LIMPO,85819,-46.7125255,-23.6075345,2025-10-16 14:02:41-03:00,POINT (325275.2384144339 7388177.832590789),,,,
14:02:00,2058,807J-10,SHOP. MORUMBI - TERM. CAMPO LIMPO,85820,-46.7721875,-23.631701,2025-10-16 14:02:16-03:00,POINT (319219.9433732624 7385427.351579022),,,,
14:02:00,34826,807J-10,SHOP. MORUMBI - TERM. CAMPO LIMPO,85822,-46.7406775,-23.615178,2025-10-16 14:02:26-03:00,POINT (322412.66287418164 7387296.685443153),,,,
14:02:00,34826,807J-10,SHOP. MORUMBI - TERM. CAMPO LIMPO,85823,-46.72389575,-23.601338125,2025-10-16 14:02:22-03:00,POINT (324106.65144157934 7388850.095790218),,,,
14:02:00,2058,807J-10,SHOP. MORUMBI - TERM. CAMPO LIMPO,85824,-46.6986195,-23.618683,2025-10-16 14:02:29-03:00,POINT (326708.9843325766 7386960.151516052),,,,
14:02:00,34826,807J-10,SHOP. MORUMBI - TERM. CAMPO LIMPO,85825,-46.69459925,-23.62374675,2025-10-16 14:02:36-03:00,POINT (327125.854589941 7386404.252022667),,,,
14:02:00,2058,807J-10,SHOP. MORUMBI - TERM. CAMPO LIMPO,85827,-46.713932,-23.6143725,2025-10-16 14:02:31-03:00,POINT (325140.782974904 7387418.8580765575),,,,
14:02:00,2058,807J-10,SHOP. MORUMBI - TERM. CAMPO LIMPO,85828,-46.7303915,-23.6133865,2025-10-16 14:02:17-03:00,POINT (323459.8787182047 7387507.821625277),,,,
14:02:00,35308,8029-10,TERM. MORUMBI - SHOP. PORTAL,85829,-46.724115,-23.5855945,2025-10-16 14:02:37-03:00,POINT (324063.27130157873 7390593.312840605),,,,
14:02:00,35308,8029-10,TERM. MORUMBI - SHOP. PORTAL,85830,-46.7240595,-23.5838385,2025-10-16 14:02:12-03:00,POINT (324066.5940194954 7390787.844500549),,,,
14:02:00,2540,8029-10,TERM. MORUMBI - SHOP. PORTAL,85831,-46.7373685,-23.61682225,2025-10-16 14:02:42-03:00,POINT (322752.53698925814 7387118.702696373),,,,
14:02:00,35308,8029-10,TERM. MORUMBI - SHOP. PORTAL,85832,-46.7465065,-23.615535,2025-10-16 14:02:32-03:00,POINT (321818.3340229568 7387249.896618179),,,,
14:02:00,35308,8029-10,TERM. MORUMBI - SHOP. PORTAL,85833,-46.7464105,-23.615145,2025-10-16 14:02:19-03:00,POINT (321827.6026549112 7387293.206266095),,,,
14:02:00,35308,8029-10,TERM. MORUMBI - SHOP. PORTAL,85834,-46.741668,-23.613233,2025-10-16 14:02:22-03:00,POINT (322308.9652205021 7387510.850457244),,,,
14:02:00,35308,8029-10,TERM. MORUMBI - SHOP. PORTAL,85835,-46.7253665,-23.6068745,2025-10-16 14:02:04-03:00,POINT (323963.9512246374 7388235.173937241),,,,
14:02:00,34717,809L-10,LAPA - CAMPO LIMPO,85836,-46.7727405,-23.6317515,2025-10-16 14:02:30-03:00,POINT (319163.5891750965 7385421.059050701),,,,
14:02:00,33538,6412-10,PAULISTA - PARAISÓPOLIS,85840,-46.680316,-23.598672125,2025-10-16 14:02:06-03:00,POINT (328550.6172870456 7389198.243966518),,,,
14:02:00,34717,809L-10,LAPA - CAMPO LIMPO,85841,-46.7727405,-23.6317515,2025-10-16 14:02:37-03:00,POINT (319163.5891750965 7385421.059050701),,,,
14:02:00,33538,6412-10,PAULISTA - PARAISÓPOLIS,85842,-46.64822475,-23.566334125,2025-10-16 14:02:02-03:00,POINT (331784.4148852237 7392817.425157104),,,,
14:02:00,33538,6412-10,PAULISTA - PARAISÓPOLIS,85843,-46.675079,-23.586742,2025-10-16 14:02:40-03:00,POINT (329069.6104583142 7390525.658260105),,,,
14:02:00,2058,807J-10,SHOP. MORUMBI - TERM. CAMPO LIMPO,85844,-46.76614625,-23.62651675,2025-10-16 14:02:21-03:00,POINT (319829.2465125731 7386009.110951501),,,,
14:02:00,770,6412-10,PAULISTA - PARAISÓPOLIS,85846,-46.67817325,-23.59047775,2025-10-16 14:02:35-03:00,POINT (328758.6518591936 7390108.260448393),,,,
14:02:00,782,745M-10,SHOP. SP MARKET - CAMPO LIMPO,85847,-46.69107475,-23.682125625,2025-10-16 14:02:39-03:00,POINT (327562.05290472595 7379943.525701262),,,,
14:02:00,33550,745M-10,SHOP. SP MARKET - CAMPO LIMPO,85848,-46.730721,-23.6675885,2025-10-16 14:02:20-03:00,POINT (323498.98474232457 7381504.908271253),,,,
14:02:00,782,745M-10,SHOP. SP MARKET - CAMPO LIMPO,85853,-46.727228,-23.6672905,2025-10-16 14:02:06-03:00,POINT (323854.8793288504 7381542.227182552),,,,
14:02:00,34752,745M-21,PQ. FIGUEIRA GRANDE - CAMPO LIMPO,85854,-46.767892,-23.630817,2025-10-16 14:02:30-03:00,POINT (319657.00932707713 7385530.679068593),,,,
14:02:00,33550,745M-10,SHOP. SP MARKET - CAMPO LIMPO,85855,-46.7611625,-23.670198,2025-10-16 14:02:18-03:00,POINT (320397.4295435126 7381177.924102049),,,,
14:02:00,770,6412-10,PAULISTA - PARAISÓPOLIS,85858,-46.699798,-23.620524,2025-10-16 14:02:22-03:00,POINT (326591.15522771166 7386754.846651763),,,,
14:02:00,782,745M-10,SHOP. SP MARKET - CAMPO LIMPO,85859,-46.726811,-23.6672615,2025-10-16 14:01:52-03:00,POINT (323897.3754927564 7381545.953567253),,,,
14:02:00,1949,809L-10,LAPA - CAMPO LIMPO,85860,-46.70563,-23.5403685,2025-10-16 14:02:17-03:00,POINT (325890.3311907181 7395624.298251822),,,,
14:02:00,33550,745M-10,SHOP. SP MARKET - CAMPO LIMPO,85861,-46.767601,-23.630928500000003,2025-10-16 14:02:00-03:00,POINT (319686.85347491706 7385518.698359573),,,,
14:02:00,782,745M-10,SHOP. SP MARKET - CAMPO LIMPO,85862,-46.75713075,-23.676025000000003,2025-10-16 14:02:35-03:00,POINT (320816.62232226954 7380537.685205734),,,,
14:02:00,33550,745M-10,SHOP. SP MARKET - CAMPO LIMPO,85863,-46.765897,-23.63087,2025-10-16 14:02:41-03:00,POINT (319860.6362478025 7385527.326595224),,,,
14:02:00,33550,745M-10,SHOP. SP MARKET - CAMPO LIMPO,85867,-46.767892,-23.630817,2025-10-16 14:02:17-03:00,POINT (319657.00932707713 7385530.679068593),,,,
14:02:00,790,746R-10,STO. AMARO - REAL PQ.,85868,-46.707821,-23.62303075,2025-10-16 14:02:02-03:00,POINT (325775.8214727917 7386467.486742549),,,,
14:02:00,33558,746R-10,STO. AMARO - REAL PQ.,85869,-46.697348000000005,-23.6135835,2025-10-16 14:02:07-03:00,POINT (326832.0231081949 7387526.419395819),,,,
14:02:00,790,746R-10,STO. AMARO - REAL PQ.,85870,-46.71362575,-23.65293525,2025-10-16 14:02:40-03:00,POINT (325223.25244265154 7383148.697387068),,,,
14:02:00,33558,746R-10,STO. AMARO - REAL PQ.,85871,-46.705295500000005,-23.61038,2025-10-16 14:02:13-03:00,POINT (326016.804090195 7387871.532029718),,,,
14:02:00,33558,746R-10,STO. AMARO - REAL PQ.,85872,-46.705295500000005,-23.61038,2025-10-16 14:02:19-03:00,POINT (326016.804090195 7387871.532029718),,,,
14:02:00,33550,745M-10,SHOP. SP MARKET - CAMPO LIMPO,85873,-46.7778845,-23.670742,2025-10-16 14:02:00-03:00,POINT (318692.5064272826 7381096.522961866),,,,
14:02:00,33558,746R-10,STO. AMARO - REAL PQ.,85874,-46.7054975,-23.610369,2025-10-16 14:02:22-03:00,POINT (325996.1763000251 7387872.504380973),,,,
14:02:00,790,746R-10,STO. AMARO - REAL PQ.,85876,-46.7051065,-23.6103905,2025-10-16 14:02:34-03:00,POINT (326036.1046193902 7387870.599203749),,,,
14:02:00,33558,746R-10,STO. AMARO - REAL PQ.,85878,-46.7052635,-23.6098715,2025-10-16 14:02:26-03:00,POINT (326019.39810362924 7387927.883203948),,,,
14:02:00,34717,809L-10,LAPA - CAMPO LIMPO,85879,-46.772219500000006,-23.632016,2025-10-16 14:02:32-03:00,POINT (319217.1110297928 7385392.4264627835),,,,
14:02:00,33558,746R-10,STO. AMARO - REAL PQ.,85880,-46.71180125000001,-23.653924375,2025-10-16 14:02:35-03:00,POINT (325410.688732292 7383041.39182798),,,,
14:02:00,33550,745M-10,SHOP. SP MARKET - CAMPO LIMPO,85881,-46.69600025,-23.679049,2025-10-16 14:02:23-03:00,POINT (327055.65064534143 7380278.272795854),,,,
14:02:00,33558,746R-10,STO. AMARO - REAL PQ.,85883,-46.7051065,-23.6103905,2025-10-16 14:01:59-03:00,POINT (326036.1046193902 7387870.599203749),,,,
